<?xml version="1.0" encoding="UTF-8"?>

<CodeSystem xmlns="http://hl7.org/fhir">
  <id value="pt-doseform-cs"/>
  <text>
    <status value="generated"/><div xmlns="http://www.w3.org/1999/xhtml"><p>This code system http://medigree.net/fhir/mpd5/CodeSystem/pt-doseform-cs defines the following codes:</p><table class="codes"><tr><td style="white-space:nowrap"><b>Code</b></td><td><b>Display</b></td><td><b>Definition</b></td></tr><tr><td style="white-space:nowrap">271<a name="pt-doseform-cs-271"> </a></td><td>Comprimido</td><td>Comprimido</td></tr><tr><td style="white-space:nowrap">29<a name="pt-doseform-cs-29"> </a></td><td>Cápsula</td><td>Cápsula</td></tr><tr><td style="white-space:nowrap">39<a name="pt-doseform-cs-39"> </a></td><td>Comprimido revestido por película</td><td>Comprimido revestido por película</td></tr></table></div>
  </text>
  <url value="http://medigree.net/fhir/mpd5/CodeSystem/pt-doseform-cs"/>
  <version value="0.1.0"/>
  <name value="PTDoseFormCS"/>
  <title value="Dose form code system"/>
  <status value="active"/>
  <date value="2022-08-29T19:31:01+00:00"/>
  <publisher value="Medigree"/>
  <contact>
    <name value="Medigree"/>
    <telecom>
      <system value="url"/>
      <value value="http://medigree.net"/>
    </telecom>
  </contact>
  <description value="Dose form code system."/>
  <content value="complete"/>
  <count value="3"/>
  <concept>
    <code value="271"/>
    <display value="Comprimido"/>
    <definition value="Comprimido"/>
  </concept>
  <concept>
    <code value="29"/>
    <display value="Cápsula"/>
    <definition value="Cápsula"/>
  </concept>
  <concept>
    <code value="39"/>
    <display value="Comprimido revestido por película"/>
    <definition value="Comprimido revestido por película"/>
  </concept>
</CodeSystem>