<?xml version="1.0" encoding="UTF-8"?>

<ImplementationGuide xmlns="http://hl7.org/fhir">
  <id value="medigree.fhir.mpd5"/>
  <text>
    <status value="extensions"/><div xmlns="http://www.w3.org/1999/xhtml"><h2>MPD5</h2><p>The official URL for this implementation guide is: </p><pre>http://medigree.net/fhir/mpd5/ImplementationGuide/medigree.fhir.mpd5</pre></div>
  </text>
  <url value="http://medigree.net/fhir/mpd5/ImplementationGuide/medigree.fhir.mpd5"/>
  <version value="0.1.0"/>
  <name value="MPD5"/>
  <status value="draft"/>
  <date value="2022-08-29T19:31:01+00:00"/>
  <publisher value="Medigree"/>
  <contact>
    <name value="Medigree"/>
    <telecom>
      <system value="url"/>
      <value value="http://medigree.net"/>
    </telecom>
  </contact>
  <packageId value="medigree.fhir.mpd5"/>
  <license value="CC0-1.0"/>
  <fhirVersion value="5.0.0-snapshot1"/>
  <dependsOn id="hl7tx">
    <uri value="http://terminology.hl7.org/ImplementationGuide/hl7.terminology"/>
    <packageId value="hl7.terminology.r5"/>
    <version value="3.0.0"/>
  </dependsOn>
  <definition>
    <resource>
      <extension url="http://hl7.org/fhir/tools/StructureDefinition/resource-information">
        <valueString value="StructureDefinition:resource"/>
      </extension>
      <reference>
        <reference value="StructureDefinition/DefinedMed"/>
      </reference>
      <name value="DefinedMed"/>
      <exampleBoolean value="false"/>
    </resource>
    <resource>
      <extension url="http://hl7.org/fhir/tools/StructureDefinition/resource-information">
        <valueString value="StructureDefinition:resource"/>
      </extension>
      <reference>
        <reference value="StructureDefinition/PTCNPEM"/>
      </reference>
      <name value="PT CNPEM Profile"/>
      <description value="PT CNPEM Profile"/>
      <exampleBoolean value="false"/>
    </resource>
    <resource>
      <extension url="http://hl7.org/fhir/tools/StructureDefinition/resource-information">
        <valueString value="StructureDefinition:resource"/>
      </extension>
      <reference>
        <reference value="StructureDefinition/PTCNPEMXB"/>
      </reference>
      <name value="PTCNPEMXB"/>
      <exampleBoolean value="false"/>
    </resource>
    <resource>
      <extension url="http://hl7.org/fhir/tools/StructureDefinition/resource-information">
        <valueString value="StructureDefinition:resource"/>
      </extension>
      <reference>
        <reference value="StructureDefinition/PTPackagedMedicinalProduct"/>
      </reference>
      <name value="PackagedMedicinalProduct Profile"/>
      <description value="PackagedMedicinalProduct  Profile"/>
      <exampleBoolean value="false"/>
    </resource>
    <resource>
      <extension url="http://hl7.org/fhir/tools/StructureDefinition/resource-information">
        <valueString value="StructureDefinition:resource"/>
      </extension>
      <reference>
        <reference value="StructureDefinition/IdentifiableMedication"/>
      </reference>
      <name value="IdentifiableMedication"/>
      <description value="IdentifiableMedication"/>
      <exampleBoolean value="false"/>
    </resource>
    <resource>
      <extension url="http://hl7.org/fhir/tools/StructureDefinition/resource-information">
        <valueString value="StructureDefinition:resource"/>
      </extension>
      <reference>
        <reference value="StructureDefinition/XBMedicationRequest"/>
      </reference>
      <name value="XBMedicationRequest"/>
      <exampleBoolean value="false"/>
    </resource>
    <resource>
      <extension url="http://hl7.org/fhir/tools/StructureDefinition/resource-information">
        <valueString value="StructureDefinition:extension"/>
      </extension>
      <reference>
        <reference value="StructureDefinition/definedMedication"/>
      </reference>
      <name value="DefinedMedication"/>
      <exampleBoolean value="false"/>
    </resource>
    <resource>
      <extension url="http://hl7.org/fhir/tools/StructureDefinition/resource-information">
        <valueString value="StructureDefinition:extension"/>
      </extension>
      <reference>
        <reference value="StructureDefinition/drugCharacteristic"/>
      </reference>
      <name value="Drug Characteristic"/>
      <description value="Drug Characteristic"/>
      <exampleBoolean value="false"/>
    </resource>
    <resource>
      <extension url="http://hl7.org/fhir/tools/StructureDefinition/resource-information">
        <valueString value="StructureDefinition:extension"/>
      </extension>
      <reference>
        <reference value="StructureDefinition/medRelation"/>
      </reference>
      <name value="MedRelation"/>
      <exampleBoolean value="false"/>
    </resource>
    <resource>
      <extension url="http://hl7.org/fhir/tools/StructureDefinition/resource-information">
        <valueString value="StructureDefinition:extension"/>
      </extension>
      <reference>
        <reference value="StructureDefinition/package-size"/>
      </reference>
      <name value="PackageSize"/>
      <description value="Package size"/>
      <exampleBoolean value="false"/>
    </resource>
    <resource>
      <extension url="http://hl7.org/fhir/tools/StructureDefinition/resource-information">
        <valueString value="StructureDefinition:extension"/>
      </extension>
      <reference>
        <reference value="StructureDefinition/relatedMedication"/>
      </reference>
      <name value="Related Medication"/>
      <description value="Related Medication"/>
      <exampleBoolean value="false"/>
    </resource>
    <resource>
      <extension url="http://hl7.org/fhir/tools/StructureDefinition/resource-information">
        <valueString value="ValueSet"/>
      </extension>
      <reference>
        <reference value="ValueSet/dose-form-ontology-cs"/>
      </reference>
      <name value="Dose Form ontology Value Set"/>
      <exampleBoolean value="false"/>
    </resource>
    <resource>
      <extension url="http://hl7.org/fhir/tools/StructureDefinition/resource-information">
        <valueString value="ValueSet"/>
      </extension>
      <reference>
        <reference value="ValueSet/prod-type-vs"/>
      </reference>
      <name value="Product Types Value Set"/>
      <description value="Product Types Value Set."/>
      <exampleBoolean value="false"/>
    </resource>
    <resource>
      <extension url="http://hl7.org/fhir/tools/StructureDefinition/resource-information">
        <valueString value="ValueSet"/>
      </extension>
      <reference>
        <reference value="ValueSet/substance-ontology-vs"/>
      </reference>
      <name value="Substance ontology Value Set"/>
      <exampleBoolean value="false"/>
    </resource>
    <resource>
      <extension url="http://hl7.org/fhir/tools/StructureDefinition/resource-information">
        <valueString value="ValueSet"/>
      </extension>
      <reference>
        <reference value="ValueSet/vs-med-relation-types"/>
      </reference>
      <name value="Medication Relation Types"/>
      <description value="Medication Relation Types."/>
      <exampleBoolean value="false"/>
    </resource>
    <resource>
      <extension url="http://hl7.org/fhir/tools/StructureDefinition/resource-information">
        <valueString value="CodeSystem"/>
      </extension>
      <reference>
        <reference value="CodeSystem/Cs-med-relation-types"/>
      </reference>
      <name value="Medication Relation Types"/>
      <description value="Medication Relation Types."/>
      <exampleBoolean value="false"/>
    </resource>
    <resource>
      <extension url="http://hl7.org/fhir/tools/StructureDefinition/resource-information">
        <valueString value="CodeSystem"/>
      </extension>
      <reference>
        <reference value="CodeSystem/edqm-doseform-ont-cs"/>
      </reference>
      <name value="Dose Form Ontology Code System"/>
      <exampleBoolean value="false"/>
    </resource>
    <resource>
      <extension url="http://hl7.org/fhir/tools/StructureDefinition/resource-information">
        <valueString value="CodeSystem"/>
      </extension>
      <reference>
        <reference value="CodeSystem/edqm-route-cs"/>
      </reference>
      <name value="Dose Form Ontology Code System"/>
      <exampleBoolean value="false"/>
    </resource>
    <resource>
      <extension url="http://hl7.org/fhir/tools/StructureDefinition/resource-information">
        <valueString value="CodeSystem"/>
      </extension>
      <reference>
        <reference value="CodeSystem/pt-doseform-cs"/>
      </reference>
      <name value="Dose form code system"/>
      <description value="Dose form code system."/>
      <exampleBoolean value="false"/>
    </resource>
    <resource>
      <extension url="http://hl7.org/fhir/tools/StructureDefinition/resource-information">
        <valueString value="CodeSystem"/>
      </extension>
      <reference>
        <reference value="CodeSystem/pt-ingredient-role-cs"/>
      </reference>
      <name value="PTIngredientRoleCS"/>
      <exampleBoolean value="false"/>
    </resource>
    <resource>
      <extension url="http://hl7.org/fhir/tools/StructureDefinition/resource-information">
        <valueString value="CodeSystem"/>
      </extension>
      <reference>
        <reference value="CodeSystem/pt-route-cs"/>
      </reference>
      <name value="Route of administration code system"/>
      <description value="Route of administration code system."/>
      <exampleBoolean value="false"/>
    </resource>
    <resource>
      <extension url="http://hl7.org/fhir/tools/StructureDefinition/resource-information">
        <valueString value="CodeSystem"/>
      </extension>
      <reference>
        <reference value="CodeSystem/pt-ingredient-item-cs"/>
      </reference>
      <name value="PTSubstanceCS"/>
      <exampleBoolean value="false"/>
    </resource>
    <resource>
      <extension url="http://hl7.org/fhir/tools/StructureDefinition/resource-information">
        <valueString value="CodeSystem"/>
      </extension>
      <reference>
        <reference value="CodeSystem/prod-type-cs"/>
      </reference>
      <name value="Product Types code system"/>
      <description value="Product Types"/>
      <exampleBoolean value="false"/>
    </resource>
    <resource>
      <extension url="http://hl7.org/fhir/tools/StructureDefinition/resource-information">
        <valueString value="CodeSystem"/>
      </extension>
      <reference>
        <reference value="CodeSystem/substance-ontology-cs"/>
      </reference>
      <name value="Substance Ontology Code System"/>
      <exampleBoolean value="false"/>
    </resource>
    <resource>
      <extension url="http://hl7.org/fhir/tools/StructureDefinition/resource-information">
        <valueString value="MedicationRequest"/>
      </extension>
      <reference>
        <reference value="MedicationRequest/AmlodipineReq"/>
      </reference>
      <name value="AmlodipineReq"/>
      <exampleCanonical value="http://medigree.net/fhir/mpd5/StructureDefinition/XBMedicationRequest"/>
    </resource>
    <resource>
      <extension url="http://hl7.org/fhir/tools/StructureDefinition/resource-information">
        <valueString value="MedicationKnowledge"/>
      </extension>
      <reference>
        <reference value="MedicationKnowledge/pt-cnpem-50013335"/>
      </reference>
      <name value="Amlopdipina 5 mg comprimido - 20 unidades"/>
      <exampleCanonical value="http://medigree.net/fhir/mpd5/StructureDefinition/PTCNPEM"/>
    </resource>
    <resource>
      <extension url="http://hl7.org/fhir/tools/StructureDefinition/resource-information">
        <valueString value="MedicationKnowledge"/>
      </extension>
      <reference>
        <reference value="MedicationKnowledge/pt-cnpem-50013343"/>
      </reference>
      <name value="Amlopdipina 5 mg comprimido - 60 unidades"/>
      <exampleCanonical value="http://medigree.net/fhir/mpd5/StructureDefinition/PTCNPEM"/>
    </resource>
    <resource>
      <extension url="http://hl7.org/fhir/tools/StructureDefinition/resource-information">
        <valueString value="MedicationKnowledge"/>
      </extension>
      <reference>
        <reference value="MedicationKnowledge/pt-cnpem-50013351"/>
      </reference>
      <name value="Amlopdipina 5 mg comprimido - 30 unidades"/>
      <exampleCanonical value="http://medigree.net/fhir/mpd5/StructureDefinition/PTCNPEM"/>
    </resource>
    <resource>
      <extension url="http://hl7.org/fhir/tools/StructureDefinition/resource-information">
        <valueString value="MedicationKnowledge"/>
      </extension>
      <reference>
        <reference value="MedicationKnowledge/pt-cnpem-50013360"/>
      </reference>
      <name value="Amlopdipina 10 mg comprimido - 60 unidades"/>
      <exampleCanonical value="http://medigree.net/fhir/mpd5/StructureDefinition/PTCNPEM"/>
    </resource>
    <resource>
      <extension url="http://hl7.org/fhir/tools/StructureDefinition/resource-information">
        <valueString value="MedicationKnowledge"/>
      </extension>
      <reference>
        <reference value="MedicationKnowledge/pt-cnpem-xb-50013335"/>
      </reference>
      <name value="Amlopdipina 5 mg comprimido - 20 unidades"/>
      <exampleCanonical value="http://medigree.net/fhir/mpd5/StructureDefinition/PTCNPEMXB"/>
    </resource>
    <resource>
      <extension url="http://hl7.org/fhir/tools/StructureDefinition/resource-information">
        <valueString value="MedicationKnowledge"/>
      </extension>
      <reference>
        <reference value="MedicationKnowledge/pt-cnpem-xb-50013343"/>
      </reference>
      <name value="Amlopdipina 5 mg comprimido - 60 unidades"/>
      <exampleCanonical value="http://medigree.net/fhir/mpd5/StructureDefinition/PTCNPEMXB"/>
    </resource>
    <resource>
      <extension url="http://hl7.org/fhir/tools/StructureDefinition/resource-information">
        <valueString value="MedicationKnowledge"/>
      </extension>
      <reference>
        <reference value="MedicationKnowledge/pt-cnpem-xb-50013351"/>
      </reference>
      <name value="Amlopdipina 5 mg comprimido - 30 unidades"/>
      <exampleCanonical value="http://medigree.net/fhir/mpd5/StructureDefinition/PTCNPEMXB"/>
    </resource>
    <resource>
      <extension url="http://hl7.org/fhir/tools/StructureDefinition/resource-information">
        <valueString value="MedicationKnowledge"/>
      </extension>
      <reference>
        <reference value="MedicationKnowledge/pt-cnpem-xb-50013360"/>
      </reference>
      <name value="Amlopdipina 10 mg comprimido - 60 unidades"/>
      <exampleCanonical value="http://medigree.net/fhir/mpd5/StructureDefinition/PTCNPEMXB"/>
    </resource>
    <resource>
      <extension url="http://hl7.org/fhir/tools/StructureDefinition/resource-information">
        <valueString value="MedicationKnowledge"/>
      </extension>
      <reference>
        <reference value="MedicationKnowledge/pt-pmp-10424"/>
      </reference>
      <name value="Norvasc 5 mg Comprimido Blister - 30 unidade(s)"/>
      <exampleCanonical value="http://medigree.net/fhir/mpd5/StructureDefinition/PTPackagedMedicinalProduct"/>
    </resource>
    <resource>
      <extension url="http://hl7.org/fhir/tools/StructureDefinition/resource-information">
        <valueString value="SearchParameter"/>
      </extension>
      <reference>
        <reference value="SearchParameter/sp-mpd-name-country"/>
      </reference>
      <name value="sp-mpd-name-country"/>
      <description value="Search by product name country - i.e. the country to where a name applies"/>
      <exampleBoolean value="false"/>
    </resource>
    <resource>
      <extension url="http://hl7.org/fhir/tools/StructureDefinition/resource-information">
        <valueString value="Medication"/>
      </extension>
      <reference>
        <reference value="Medication/transmittedMedExample1"/>
      </reference>
      <name value="transmittedMedExample1"/>
      <exampleCanonical value="http://medigree.net/fhir/mpd5/StructureDefinition/DefinedMed"/>
    </resource>
    <page>
      <nameUrl value="toc.html"/>
      <title value="Table of Contents"/>
      <generation value="html"/>
      <page>
        <nameUrl value="index.html"/>
        <title value="Home"/>
        <generation value="markdown"/>
      </page>
    </page>
    <parameter>
      <code value="copyrightyear"/>
      <value value="2022+"/>
    </parameter>
    <parameter>
      <code value="releaselabel"/>
      <value value="ci-build"/>
    </parameter>
    <parameter>
      <code value="path-resource"/>
      <value value="input/capabilities"/>
    </parameter>
    <parameter>
      <code value="path-resource"/>
      <value value="input/examples"/>
    </parameter>
    <parameter>
      <code value="path-resource"/>
      <value value="input/extensions"/>
    </parameter>
    <parameter>
      <code value="path-resource"/>
      <value value="input/models"/>
    </parameter>
    <parameter>
      <code value="path-resource"/>
      <value value="input/operations"/>
    </parameter>
    <parameter>
      <code value="path-resource"/>
      <value value="input/profiles"/>
    </parameter>
    <parameter>
      <code value="path-resource"/>
      <value value="input/resources"/>
    </parameter>
    <parameter>
      <code value="path-resource"/>
      <value value="input/vocabulary"/>
    </parameter>
    <parameter>
      <code value="path-resource"/>
      <value value="input/maps"/>
    </parameter>
    <parameter>
      <code value="path-resource"/>
      <value value="input/testing"/>
    </parameter>
    <parameter>
      <code value="path-resource"/>
      <value value="input/history"/>
    </parameter>
    <parameter>
      <code value="path-resource"/>
      <value value="fsh-generated/resources"/>
    </parameter>
    <parameter>
      <code value="path-pages"/>
      <value value="template/config"/>
    </parameter>
    <parameter>
      <code value="path-pages"/>
      <value value="input/images"/>
    </parameter>
    <parameter>
      <code value="path-liquid"/>
      <value value="template/liquid"/>
    </parameter>
    <parameter>
      <code value="path-liquid"/>
      <value value="input/liquid"/>
    </parameter>
    <parameter>
      <code value="path-qa"/>
      <value value="temp/qa"/>
    </parameter>
    <parameter>
      <code value="path-temp"/>
      <value value="temp/pages"/>
    </parameter>
    <parameter>
      <code value="path-output"/>
      <value value="output"/>
    </parameter>
    <parameter>
      <code value="path-tx-cache"/>
      <value value="input-cache/txcache"/>
    </parameter>
    <parameter>
      <code value="path-suppressed-warnings"/>
      <value value="input/ignoreWarnings.txt"/>
    </parameter>
    <parameter>
      <code value="path-history"/>
      <value value="http://medigree.net/fhir/mpd5/history.html"/>
    </parameter>
    <parameter>
      <code value="template-html"/>
      <value value="template-page.html"/>
    </parameter>
    <parameter>
      <code value="template-md"/>
      <value value="template-page-md.html"/>
    </parameter>
    <parameter>
      <code value="apply-contact"/>
      <value value="true"/>
    </parameter>
    <parameter>
      <code value="apply-context"/>
      <value value="true"/>
    </parameter>
    <parameter>
      <code value="apply-copyright"/>
      <value value="true"/>
    </parameter>
    <parameter>
      <code value="apply-jurisdiction"/>
      <value value="true"/>
    </parameter>
    <parameter>
      <code value="apply-license"/>
      <value value="true"/>
    </parameter>
    <parameter>
      <code value="apply-publisher"/>
      <value value="true"/>
    </parameter>
    <parameter>
      <code value="apply-version"/>
      <value value="true"/>
    </parameter>
    <parameter>
      <code value="active-tables"/>
      <value value="true"/>
    </parameter>
    <parameter>
      <code value="fmm-definition"/>
      <value value="http://hl7.org/fhir/versions.html#maturity"/>
    </parameter>
    <parameter>
      <code value="propagate-status"/>
      <value value="true"/>
    </parameter>
    <parameter>
      <code value="excludelogbinaryformat"/>
      <value value="true"/>
    </parameter>
  </definition>
</ImplementationGuide>