<?xml version="1.0" encoding="UTF-8"?>

<Medication xmlns="http://hl7.org/fhir">
  <id value="transmittedMedExample1"/>
  <meta>
    <profile value="http://medigree.net/fhir/mpd5/StructureDefinition/DefinedMed"/>
  </meta>
  <text>
    <status value="extensions"/><div xmlns="http://www.w3.org/1999/xhtml"><p><b>Generated Narrative: Medication</b></p><div style="display: inline-block; background-color: #d9e0e7; padding: 6px; margin: 4px; border: 1px solid #8da1b4; border-radius: 5px; line-height: 60%"><p style="margin-bottom: 0px">Resource Medication "transmittedMedExample1" </p><p style="margin-bottom: 0px">Profile: <a href="StructureDefinition-DefinedMed.html">DefinedMed</a></p></div><blockquote><p><b>Drug Characteristic</b></p><p><b>value</b>: 10220XXX <span style="background: LightGoldenRodYellow; margin: 4px; border: 1px solid khaki"> ([not stated]#10220XXX)</span></p></blockquote></div>
  </text>
  <extension url="http://medigree.net/fhir/mpd5/StructureDefinition/drugCharacteristic">
    <extension url="characteristicType">
      <valueCodeableConcept>
        <coding>
          <code value="10220XXX"/>
        </coding>
      </valueCodeableConcept>
    </extension>
    <extension url="characteristicValue"/>
  </extension>
</Medication>