<?xml version="1.0" encoding="UTF-8"?>

<MedicationKnowledge xmlns="http://hl7.org/fhir">
  <id value="pt-pmp-10424"/>
  <meta>
    <profile value="http://medigree.net/fhir/mpd5/StructureDefinition/PTPackagedMedicinalProduct"/>
  </meta>
  <text>
    <status value="generated"/><div xmlns="http://www.w3.org/1999/xhtml"><p><b>Generated Narrative: MedicationKnowledge</b></p><div style="display: inline-block; background-color: #d9e0e7; padding: 6px; margin: 4px; border: 1px solid #8da1b4; border-radius: 5px; line-height: 60%"><p style="margin-bottom: 0px">Resource MedicationKnowledge "pt-pmp-10424" </p><p style="margin-bottom: 0px">Profile: <a href="StructureDefinition-PTPackagedMedicinalProduct.html">PackagedMedicinalProduct Profile</a></p></div><p><b>code</b>: Norvasc 5 mg Comprimido Blister - 30 unidade(s) <span style="background: LightGoldenRodYellow; margin: 4px; border: 1px solid khaki"> (identifiable-product-identifier-type#10424)</span></p><p><b>intendedJurisdiction</b>: Portugal <span style="background: LightGoldenRodYellow; margin: 4px; border: 1px solid khaki"> (unknown#PT)</span></p><p><b>name</b>: Norvasc 5 mg Comprimido Blister - 30 unidade(s)</p><p><b>productType</b>: PT-PMP <span style="background: LightGoldenRodYellow; margin: 4px; border: 1px solid khaki"> (<a href="CodeSystem-prod-type-cs.html">Product Types code system</a>#PT-PMP)</span></p><h3>MedicineClassifications</h3><table class="grid"><tr><td>-</td><td><b>Type</b></td><td><b>Classification</b></td></tr><tr><td>*</td><td>ATC <span style="background: LightGoldenRodYellow; margin: 4px; border: 1px solid khaki"> ([not stated]#ATC)</span></td><td>C08CA01 <span style="background: LightGoldenRodYellow; margin: 4px; border: 1px solid khaki"> ([not stated]#C08CA01)</span></td></tr></table><h3>Packagings</h3><table class="grid"><tr><td>-</td><td><b>Extension</b></td></tr><tr><td>*</td><td></td></tr></table><blockquote><p><b>definitional</b></p><p><b>doseForm</b>: Tablet <span style="background: LightGoldenRodYellow; margin: 4px; border: 1px solid khaki"> (<a href="CodeSystem-edqm-doseform-ont-cs.html">Dose Form Ontology Code System</a>#10219000; <a href="CodeSystem-pt-doseform-cs.html">Dose form code system</a>#271 "Comprimido")</span></p><p><b>intendedRoute</b>: Oral use <span style="background: LightGoldenRodYellow; margin: 4px; border: 1px solid khaki"> (<a href="CodeSystem-edqm-route-cs.html">Dose Form Ontology Code System</a>#20053000)</span>, Via oral <span style="background: LightGoldenRodYellow; margin: 4px; border: 1px solid khaki"> (<a href="CodeSystem-pt-route-cs.html">Route of administration code system</a>#48)</span></p><blockquote><p><b>ingredient</b></p><p><b>type</b>: Active Principle <span style="background: LightGoldenRodYellow; margin: 4px; border: 1px solid khaki"> (<a href="CodeSystem-pt-ingredient-role-cs.html">PTIngredientRoleCS</a>#1)</span></p><p><b>strength</b>: 5 mg<span style="background: LightGoldenRodYellow"> (Details: UCUM code mg = 'mg')</span></p></blockquote></blockquote></div>
  </text>
  <code>
    <coding>
      <system value="http://www.medigree.net/identifiable-product-identifier-type"/>
      <code value="10424"/>
      <display value="Norvasc 5 mg Comprimido Blister - 30 unidade(s)"/>
    </coding>
  </code>
  <intendedJurisdiction>
    <coding>
      <system value="urn:iso:std:iso:3166"/>
      <code value="PT"/>
    </coding>
  </intendedJurisdiction>
  <name value="Norvasc 5 mg Comprimido Blister - 30 unidade(s)"/>
  <productType>
    <coding>
      <system value="https://medigree.github.io/mpd5/CodeSystem/prod-type-cs"/>
      <code value="PT-PMP"/>
    </coding>
  </productType>
  <medicineClassification>
    <type>
      <coding>
        <code value="ATC"/>
      </coding>
    </type>
    <classification>
      <coding>
        <code value="C08CA01"/>
      </coding>
    </classification>
  </medicineClassification>
  <packaging>
    <extension url="http://medigree.net/fhir/mpd5/StructureDefinition/package-size">
      <valueQuantity>
        <value value="30"/>
        <system value="http://unitsofmeasure.org"/>
        <code value="units"/>
      </valueQuantity>
    </extension>
  </packaging>
  <definitional>
    <doseForm>
      <coding>
        <system value="http://medigree.net/fhir/mpd5/CodeSystem/dose-form-ontology-cs"/>
        <code value="10219000"/>
        <display value="Tablet"/>
      </coding>
      <coding>
        <system value="http://medigree.net/fhir/mpd5/CodeSystem/pt-doseform-cs"/>
        <code value="271"/>
        <display value="Comprimido"/>
      </coding>
    </doseForm>
    <intendedRoute>
      <coding>
        <system value="http://www.edqm.eu/routes"/>
        <code value="20053000"/>
        <display value="Oral use"/>
      </coding>
    </intendedRoute>
    <intendedRoute>
      <coding>
        <system value="http://medigree.net/fhir/mpd5/CodeSystem/pt-route-cs"/>
        <code value="48"/>
        <display value="Via oral"/>
      </coding>
    </intendedRoute>
    <ingredient>
      <item>
        <concept>
          <coding>
            <system value="http://medigree.net/fhir/mpd5/CodeSystem/pt-ingredient-item-cs"/>
            <code value="43"/>
          </coding>
          <text value="Amlodipina"/>
        </concept>
      </item>
      <type>
        <coding>
          <system value="http://medigree.net/fhir/mpd5/CodeSystem/pt-ingredient-role-cs"/>
          <code value="1"/>
        </coding>
      </type>
      <strengthQuantity>
        <value value="5"/>
        <system value="http://unitsofmeasure.org"/>
        <code value="mg"/>
      </strengthQuantity>
    </ingredient>
  </definitional>
</MedicationKnowledge>