{
  "resourceType": "MedicationKnowledge",
  "id": "pt-cnpem-50013343",
  "meta": {
    "profile": [
      "http://medigree.net/fhir/mpd5/StructureDefinition/PTCNPEM"
    ]
  },
  "text": {
    "status": "generated",
    "div": "<div xmlns=\"http://www.w3.org/1999/xhtml\"><p><b>Generated Narrative: MedicationKnowledge</b></p><div style=\"display: inline-block; background-color: #d9e0e7; padding: 6px; margin: 4px; border: 1px solid #8da1b4; border-radius: 5px; line-height: 60%\"><p style=\"margin-bottom: 0px\">Resource MedicationKnowledge \"pt-cnpem-50013343\" </p><p style=\"margin-bottom: 0px\">Profile: <a href=\"StructureDefinition-PTCNPEM.html\">PT CNPEM Profile</a></p></div><p><b>code</b>: 50013343 <span style=\"background: LightGoldenRodYellow; margin: 4px; border: 1px solid khaki\"> ([not stated]#50013343)</span></p><p><b>intendedJurisdiction</b>: Portugal <span style=\"background: LightGoldenRodYellow; margin: 4px; border: 1px solid khaki\"> (unknown#PT)</span></p><p><b>name</b>: Amlopdipina 5 mg - 60 unidades</p><p><b>productType</b>: PT-CNPEM <span style=\"background: LightGoldenRodYellow; margin: 4px; border: 1px solid khaki\"> (<a href=\"CodeSystem-prod-type-cs.html\">Product Types code system</a>#PT-CNPEM)</span></p><h3>Packagings</h3><table class=\"grid\"><tr><td>-</td><td><b>Extension</b></td></tr><tr><td>*</td><td></td></tr></table><blockquote><p><b>definitional</b></p><p><b>doseForm</b>: Comprimido <span style=\"background: LightGoldenRodYellow; margin: 4px; border: 1px solid khaki\"> (<a href=\"CodeSystem-pt-doseform-cs.html\">Dose form code system</a>#271)</span></p><blockquote><p><b>ingredient</b></p><p><b>type</b>: Active Principle <span style=\"background: LightGoldenRodYellow; margin: 4px; border: 1px solid khaki\"> (<a href=\"CodeSystem-pt-ingredient-role-cs.html\">PTIngredientRoleCS</a>#1)</span></p><p><b>strength</b>: 5 mg<span style=\"background: LightGoldenRodYellow\"> (Details: UCUM code mg = 'mg')</span></p></blockquote></blockquote></div>"
  },
  "code": {
    "coding": [
      {
        "code": "50013343"
      }
    ]
  },
  "intendedJurisdiction": [
    {
      "coding": [
        {
          "system": "urn:iso:std:iso:3166",
          "code": "PT"
        }
      ]
    }
  ],
  "name": [
    "Amlopdipina 5 mg - 60 unidades"
  ],
  "productType": [
    {
      "coding": [
        {
          "system": "https://medigree.github.io/mpd5/CodeSystem/prod-type-cs",
          "code": "PT-CNPEM"
        }
      ]
    }
  ],
  "packaging": [
    {
      "extension": [
        {
          "url": "http://medigree.net/fhir/mpd5/StructureDefinition/package-size",
          "valueQuantity": {
            "value": 60,
            "system": "http://unitsofmeasure.org",
            "code": "units"
          }
        }
      ]
    }
  ],
  "definitional": {
    "doseForm": {
      "coding": [
        {
          "system": "http://medigree.net/fhir/mpd5/CodeSystem/pt-doseform-cs",
          "code": "271"
        }
      ]
    },
    "ingredient": [
      {
        "item": {
          "concept": {
            "coding": [
              {
                "system": "http://medigree.net/fhir/mpd5/CodeSystem/pt-ingredient-item-cs",
                "code": "43"
              }
            ]
          }
        },
        "type": {
          "coding": [
            {
              "system": "http://medigree.net/fhir/mpd5/CodeSystem/pt-ingredient-role-cs",
              "code": "1"
            }
          ]
        },
        "strengthQuantity": {
          "value": 5,
          "system": "http://unitsofmeasure.org",
          "code": "mg"
        }
      }
    ]
  }
}