{
  "resourceType": "MedicationKnowledge",
  "id": "pt-pmp-10424",
  "meta": {
    "profile": [
      "http://medigree.net/fhir/mpd5/StructureDefinition/PTPackagedMedicinalProduct"
    ]
  },
  "text": {
    "status": "generated",
    "div": "<div xmlns=\"http://www.w3.org/1999/xhtml\"><p><b>Generated Narrative: MedicationKnowledge</b></p><div style=\"display: inline-block; background-color: #d9e0e7; padding: 6px; margin: 4px; border: 1px solid #8da1b4; border-radius: 5px; line-height: 60%\"><p style=\"margin-bottom: 0px\">Resource MedicationKnowledge \"pt-pmp-10424\" </p><p style=\"margin-bottom: 0px\">Profile: <a href=\"StructureDefinition-PTPackagedMedicinalProduct.html\">PackagedMedicinalProduct Profile</a></p></div><p><b>code</b>: Norvasc 5 mg Comprimido Blister - 30 unidade(s) <span style=\"background: LightGoldenRodYellow; margin: 4px; border: 1px solid khaki\"> (identifiable-product-identifier-type#10424)</span></p><p><b>intendedJurisdiction</b>: Portugal <span style=\"background: LightGoldenRodYellow; margin: 4px; border: 1px solid khaki\"> (unknown#PT)</span></p><p><b>name</b>: Norvasc 5 mg Comprimido Blister - 30 unidade(s)</p><p><b>productType</b>: PT-PMP <span style=\"background: LightGoldenRodYellow; margin: 4px; border: 1px solid khaki\"> (<a href=\"CodeSystem-prod-type-cs.html\">Product Types code system</a>#PT-PMP)</span></p><h3>MedicineClassifications</h3><table class=\"grid\"><tr><td>-</td><td><b>Type</b></td><td><b>Classification</b></td></tr><tr><td>*</td><td>ATC <span style=\"background: LightGoldenRodYellow; margin: 4px; border: 1px solid khaki\"> ([not stated]#ATC)</span></td><td>C08CA01 <span style=\"background: LightGoldenRodYellow; margin: 4px; border: 1px solid khaki\"> ([not stated]#C08CA01)</span></td></tr></table><h3>Packagings</h3><table class=\"grid\"><tr><td>-</td><td><b>Extension</b></td></tr><tr><td>*</td><td></td></tr></table><blockquote><p><b>definitional</b></p><p><b>doseForm</b>: Tablet <span style=\"background: LightGoldenRodYellow; margin: 4px; border: 1px solid khaki\"> (<a href=\"CodeSystem-edqm-doseform-ont-cs.html\">Dose Form Ontology Code System</a>#10219000; <a href=\"CodeSystem-pt-doseform-cs.html\">Dose form code system</a>#271 \"Comprimido\")</span></p><p><b>intendedRoute</b>: Oral use <span style=\"background: LightGoldenRodYellow; margin: 4px; border: 1px solid khaki\"> (<a href=\"CodeSystem-edqm-route-cs.html\">Dose Form Ontology Code System</a>#20053000)</span>, Via oral <span style=\"background: LightGoldenRodYellow; margin: 4px; border: 1px solid khaki\"> (<a href=\"CodeSystem-pt-route-cs.html\">Route of administration code system</a>#48)</span></p><blockquote><p><b>ingredient</b></p><p><b>type</b>: Active Principle <span style=\"background: LightGoldenRodYellow; margin: 4px; border: 1px solid khaki\"> (<a href=\"CodeSystem-pt-ingredient-role-cs.html\">PTIngredientRoleCS</a>#1)</span></p><p><b>strength</b>: 5 mg<span style=\"background: LightGoldenRodYellow\"> (Details: UCUM code mg = 'mg')</span></p></blockquote></blockquote></div>"
  },
  "code": {
    "coding": [
      {
        "system": "http://www.medigree.net/identifiable-product-identifier-type",
        "code": "10424",
        "display": "Norvasc 5 mg Comprimido Blister - 30 unidade(s)"
      }
    ]
  },
  "intendedJurisdiction": [
    {
      "coding": [
        {
          "system": "urn:iso:std:iso:3166",
          "code": "PT"
        }
      ]
    }
  ],
  "name": [
    "Norvasc 5 mg Comprimido Blister - 30 unidade(s)"
  ],
  "productType": [
    {
      "coding": [
        {
          "system": "https://medigree.github.io/mpd5/CodeSystem/prod-type-cs",
          "code": "PT-PMP"
        }
      ]
    }
  ],
  "medicineClassification": [
    {
      "type": {
        "coding": [
          {
            "code": "ATC"
          }
        ]
      },
      "classification": [
        {
          "coding": [
            {
              "code": "C08CA01"
            }
          ]
        }
      ]
    }
  ],
  "packaging": [
    {
      "extension": [
        {
          "url": "http://medigree.net/fhir/mpd5/StructureDefinition/package-size",
          "valueQuantity": {
            "value": 30,
            "system": "http://unitsofmeasure.org",
            "code": "units"
          }
        }
      ]
    }
  ],
  "definitional": {
    "doseForm": {
      "coding": [
        {
          "system": "http://medigree.net/fhir/mpd5/CodeSystem/dose-form-ontology-cs",
          "code": "10219000",
          "display": "Tablet"
        },
        {
          "system": "http://medigree.net/fhir/mpd5/CodeSystem/pt-doseform-cs",
          "code": "271",
          "display": "Comprimido"
        }
      ]
    },
    "intendedRoute": [
      {
        "coding": [
          {
            "system": "http://www.edqm.eu/routes",
            "code": "20053000",
            "display": "Oral use"
          }
        ]
      },
      {
        "coding": [
          {
            "system": "http://medigree.net/fhir/mpd5/CodeSystem/pt-route-cs",
            "code": "48",
            "display": "Via oral"
          }
        ]
      }
    ],
    "ingredient": [
      {
        "item": {
          "concept": {
            "coding": [
              {
                "system": "http://medigree.net/fhir/mpd5/CodeSystem/pt-ingredient-item-cs",
                "code": "43"
              }
            ],
            "text": "Amlodipina"
          }
        },
        "type": {
          "coding": [
            {
              "system": "http://medigree.net/fhir/mpd5/CodeSystem/pt-ingredient-role-cs",
              "code": "1"
            }
          ]
        },
        "strengthQuantity": {
          "value": 5,
          "system": "http://unitsofmeasure.org",
          "code": "mg"
        }
      }
    ]
  }
}