{
  "resourceType": "Medication",
  "id": "transmittedMedExample1",
  "meta": {
    "profile": [
      "http://medigree.net/fhir/mpd5/StructureDefinition/DefinedMed"
    ]
  },
  "text": {
    "status": "extensions",
    "div": "<div xmlns=\"http://www.w3.org/1999/xhtml\"><p><b>Generated Narrative: Medication</b></p><div style=\"display: inline-block; background-color: #d9e0e7; padding: 6px; margin: 4px; border: 1px solid #8da1b4; border-radius: 5px; line-height: 60%\"><p style=\"margin-bottom: 0px\">Resource Medication \"transmittedMedExample1\" </p><p style=\"margin-bottom: 0px\">Profile: <a href=\"StructureDefinition-DefinedMed.html\">DefinedMed</a></p></div><blockquote><p><b>Drug Characteristic</b></p><p><b>value</b>: 10220XXX <span style=\"background: LightGoldenRodYellow; margin: 4px; border: 1px solid khaki\"> ([not stated]#10220XXX)</span></p></blockquote></div>"
  },
  "extension": [
    {
      "extension": [
        {
          "url": "characteristicType",
          "valueCodeableConcept": {
            "coding": [
              {
                "code": "10220XXX"
              }
            ]
          }
        },
        {
          "url": "characteristicValue"
        }
      ],
      "url": "http://medigree.net/fhir/mpd5/StructureDefinition/drugCharacteristic"
    }
  ]
}