{
  "resourceType": "ManufacturedItemDefinition",
  "id": "Zoladex-3.6mg-Implant-EE-MID",
  "text": {
    "status": "generated",
    "div": "<div xmlns=\"http://www.w3.org/1999/xhtml\"><p><b>Generated Narrative: ManufacturedItemDefinition</b></p><div style=\"display: inline-block; background-color: #d9e0e7; padding: 6px; margin: 4px; border: 1px solid #8da1b4; border-radius: 5px; line-height: 60%\"><p style=\"margin-bottom: 0px\">Resource ManufacturedItemDefinition \"Zoladex-3.6mg-Implant-EE-MID\" </p></div><p><b>status</b>: active</p><p><b>manufacturedDoseForm</b>: Implant <span style=\"background: LightGoldenRodYellow; margin: 4px; border: 1px solid khaki\"> (200000000004#100000073874)</span></p><p><b>unitOfPresentation</b>: Implant <span style=\"background: LightGoldenRodYellow; margin: 4px; border: 1px solid khaki\"> (200000000014#200000002124)</span></p></div>"
  },
  "status": "active",
  "manufacturedDoseForm": {
    "coding": [
      {
        "system": "https://spor.ema.europa.eu/v1/lists/200000000004",
        "code": "100000073874",
        "display": "Implant"
      }
    ]
  },
  "unitOfPresentation": {
    "coding": [
      {
        "system": "https://spor.ema.europa.eu/v1/lists/200000000014",
        "code": "200000002124",
        "display": "Implant"
      }
    ]
  }
}