{
  "resourceType": "PackagedProductDefinition",
  "id": "Amoksiklav-1000mg-200mg-pdr-solinj-inf-EE-PPD",
  "text": {
    "status": "extensions",
    "div": "<div xmlns=\"http://www.w3.org/1999/xhtml\"><p><b>Generated Narrative: PackagedProductDefinition</b></p><div style=\"display: inline-block; background-color: #d9e0e7; padding: 6px; margin: 4px; border: 1px solid #8da1b4; border-radius: 5px; line-height: 60%\"><p style=\"margin-bottom: 0px\">Resource PackagedProductDefinition \"Amoksiklav-1000mg-200mg-pdr-solinj-inf-EE-PPD\" </p></div><p><b>Extension Definition for PackagedProductDefinition.containedItemQuantity for Version 5.0</b>: 5 vial<span style=\"background: LightGoldenRodYellow\"> (Details: http://spor.ema.europa.eu/v1/lists/200000000014 code 200000002158 = '200000002158')</span></p><p><b>identifier</b>: id: EE-100002893-9157-1017694</p><p><b>packageFor</b>: <a href=\"MedicinalProductDefinition-Amoksiklav-1000mg-200mg-pdr-solinj-inf-EE-MPD.html\">MedicinalProductDefinition/Amoksiklav-1000mg-200mg-pdr-solinj-inf-EE-MPD</a></p><p><b>description</b>: Amoksiklav'i süste-/infusioonilahuse pulber on pakendatud värvitust klaasist viaalidesse ning suletud  kummikorgi ja alumiiniumist korgikaitsega.  Viaalid on pakendatud karpi. 5 viaali karbis.</p><blockquote><p><b>package</b></p><p><b>type</b>: Box <span style=\"background: LightGoldenRodYellow; margin: 4px; border: 1px solid khaki\"> (100000073346#100000073498)</span></p><p><b>quantity</b>: 1</p><p><b>material</b>: Cardboard <span style=\"background: LightGoldenRodYellow; margin: 4px; border: 1px solid khaki\"> (200000003199#200000003529)</span></p><blockquote><p><b>package</b></p><p><b>type</b>: Vial <span style=\"background: LightGoldenRodYellow; margin: 4px; border: 1px solid khaki\"> (100000073346#200000002158)</span></p><p><b>quantity</b>: 5</p><p><b>material</b>: Glass <span style=\"background: LightGoldenRodYellow; margin: 4px; border: 1px solid khaki\"> (200000003199#200000003203)</span></p></blockquote></blockquote></div>"
  },
  "extension": [
    {
      "url": "http://hl7.org/fhir/5.0/StructureDefinition/extension-PackagedProductDefinition.containedItemQuantity",
      "valueQuantity": {
        "value": 5,
        "unit": "vial",
        "system": "http://spor.ema.europa.eu/v1/lists/200000000014",
        "code": "200000002158"
      }
    }
  ],
  "identifier": [
    {
      "system": "http://ema.europa.eu/example/pcid",
      "value": "EE-100002893-9157-1017694"
    }
  ],
  "packageFor": [
    {
      "reference": "MedicinalProductDefinition/Amoksiklav-1000mg-200mg-pdr-solinj-inf-EE-MPD"
    }
  ],
  "description": "Amoksiklav'i süste-/infusioonilahuse pulber on pakendatud värvitust klaasist viaalidesse ning suletud  kummikorgi ja alumiiniumist korgikaitsega.  Viaalid on pakendatud karpi. 5 viaali karbis.",
  "_description": {
    "extension": [
      {
        "url": "http://ema.europa.eu/fhir/extension/language",
        "valueCoding": {
          "system": "https://spor.ema.europa.eu/v1/lists/100000072057",
          "code": "100000072172",
          "display": "Estonian"
        }
      }
    ]
  },
  "marketingStatus": [
    {
      "country": {
        "coding": [
          {
            "system": "https://spor.ema.europa.eu/v1/lists/100000000002",
            "code": "100000000388",
            "display": "Republic of Estonia"
          }
        ]
      },
      "status": {
        "coding": [
          {
            "system": "https://spor.ema.europa.eu/v1/lists/100000072052",
            "code": "100000072083",
            "display": "Marketed"
          }
        ]
      }
    }
  ],
  "package": {
    "type": {
      "coding": [
        {
          "system": "https://spor.ema.europa.eu/v1/lists/100000073346",
          "code": "100000073498",
          "display": "Box"
        }
      ]
    },
    "quantity": 1,
    "material": [
      {
        "coding": [
          {
            "system": "https://spor.ema.europa.eu/v1/lists/200000003199",
            "code": "200000003529",
            "display": "Cardboard"
          }
        ]
      }
    ],
    "package": [
      {
        "type": {
          "coding": [
            {
              "system": "https://spor.ema.europa.eu/v1/lists/100000073346",
              "code": "200000002158",
              "display": "Vial"
            }
          ]
        },
        "quantity": 5,
        "material": [
          {
            "coding": [
              {
                "system": "https://spor.ema.europa.eu/v1/lists/200000003199",
                "code": "200000003203",
                "display": "Glass"
              }
            ]
          }
        ],
        "containedItem": [
          {
            "item": {
              "reference": {
                "reference": "ManufacturedItemDefinition/Amoksiklav-1000mg-200mg-pdr-solinj-inf-EE-MID"
              }
            },
            "amount": {
              "value": 1
            }
          }
        ]
      }
    ]
  }
}