{
  "resourceType": "RegulatedAuthorization",
  "id": "Amoksiklav-1000mg-200mg-pdr-solinj-inf-EE-RA",
  "text": {
    "status": "generated",
    "div": "<div xmlns=\"http://www.w3.org/1999/xhtml\"><p><b>Generated Narrative: RegulatedAuthorization</b></p><div style=\"display: inline-block; background-color: #d9e0e7; padding: 6px; margin: 4px; border: 1px solid #8da1b4; border-radius: 5px; line-height: 60%\"><p style=\"margin-bottom: 0px\">Resource RegulatedAuthorization \"Amoksiklav-1000mg-200mg-pdr-solinj-inf-EE-RA\" </p></div><p><b>identifier</b>: id: 149896</p><p><b>subject</b>: <a href=\"MedicinalProductDefinition-Amoksiklav-1000mg-200mg-pdr-solinj-inf-EE-MPD.html\">MedicinalProductDefinition/Amoksiklav-1000mg-200mg-pdr-solinj-inf-EE-MPD</a></p><p><b>type</b>: Marketing Authorisation <span style=\"background: LightGoldenRodYellow; margin: 4px; border: 1px solid khaki\"> (220000000060#220000000061)</span></p><p><b>region</b>: Republic of Estonia <span style=\"background: LightGoldenRodYellow; margin: 4px; border: 1px solid khaki\"> (100000000002#100000000388)</span></p><p><b>status</b>: Valid - Renewed/Varied <span style=\"background: LightGoldenRodYellow; margin: 4px; border: 1px solid khaki\"> (100000072049#200000017708)</span></p><p><b>statusDate</b>: 2013-02-05</p><p><b>holder</b>: <span>: Sandoz Pharmaceuticals d.d.</span></p></div>"
  },
  "identifier": [
    {
      "system": "http://ema.europa.eu/fhir/marketingAuthorizationNumber",
      "value": "149896"
    }
  ],
  "subject": [
    {
      "reference": "MedicinalProductDefinition/Amoksiklav-1000mg-200mg-pdr-solinj-inf-EE-MPD"
    }
  ],
  "type": {
    "coding": [
      {
        "system": "https://spor.ema.europa.eu/v1/lists/220000000060",
        "code": "220000000061",
        "display": "Marketing Authorisation"
      }
    ]
  },
  "region": [
    {
      "coding": [
        {
          "system": "https://spor.ema.europa.eu/v1/lists/100000000002",
          "code": "100000000388",
          "display": "Republic of Estonia"
        }
      ]
    }
  ],
  "status": {
    "coding": [
      {
        "system": "https://spor.ema.europa.eu/v1/lists/100000072049",
        "code": "200000017708",
        "display": "Valid - Renewed/Varied"
      }
    ]
  },
  "statusDate": "2013-02-05",
  "holder": {
    "identifier": {
      "system": "https://spor.ema.europa.eu/v1/locations",
      "value": "LOC-100002893"
    },
    "display": "Sandoz Pharmaceuticals d.d."
  }
}