{
  "resourceType": "AdministrableProductDefinition",
  "id": "Ventolin-100mcg-Press-inh-susp-EE-APD",
  "text": {
    "status": "generated",
    "div": "<div xmlns=\"http://www.w3.org/1999/xhtml\"><p><b>Generated Narrative: AdministrableProductDefinition</b></p><div style=\"display: inline-block; background-color: #d9e0e7; padding: 6px; margin: 4px; border: 1px solid #8da1b4; border-radius: 5px; line-height: 60%\"><p style=\"margin-bottom: 0px\">Resource AdministrableProductDefinition \"Ventolin-100mcg-Press-inh-susp-EE-APD\" </p></div><p><b>status</b>: active</p><p><b>formOf</b>: <a href=\"MedicinalProductDefinition-Ventolin-100mcg-Press-inh-susp-EE-MPD.html\">MedicinalProductDefinition/Ventolin-100mcg-Press-inh-susp-EE-MPD</a></p><p><b>administrableDoseForm</b>: Pressurised inhalation, suspension <span style=\"background: LightGoldenRodYellow; margin: 4px; border: 1px solid khaki\"> (200000000004#100000073838)</span></p><p><b>unitOfPresentation</b>: Actuation <span style=\"background: LightGoldenRodYellow; margin: 4px; border: 1px solid khaki\"> (200000000014#200000002163)</span></p><p><b>producedFrom</b>: <a href=\"ManufacturedItemDefinition-Ventolin-100mcg-Press-inh-susp-EE-MID.html\">ManufacturedItemDefinition/Ventolin-100mcg-Press-inh-susp-EE-MID</a></p><h3>RouteOfAdministrations</h3><table class=\"grid\"><tr><td>-</td><td><b>Code</b></td></tr><tr><td>*</td><td>Inhalation use <span style=\"background: LightGoldenRodYellow; margin: 4px; border: 1px solid khaki\"> (100000073345#100000073584)</span></td></tr></table></div>"
  },
  "status": "active",
  "formOf": [
    {
      "reference": "MedicinalProductDefinition/Ventolin-100mcg-Press-inh-susp-EE-MPD"
    }
  ],
  "administrableDoseForm": {
    "coding": [
      {
        "system": "https://spor.ema.europa.eu/v1/lists/200000000004",
        "code": "100000073838",
        "display": "Pressurised inhalation, suspension"
      }
    ]
  },
  "unitOfPresentation": {
    "coding": [
      {
        "system": "https://spor.ema.europa.eu/v1/lists/200000000014",
        "code": "200000002163",
        "display": "Actuation"
      }
    ]
  },
  "producedFrom": [
    {
      "reference": "ManufacturedItemDefinition/Ventolin-100mcg-Press-inh-susp-EE-MID"
    }
  ],
  "routeOfAdministration": [
    {
      "code": {
        "coding": [
          {
            "system": "https://spor.ema.europa.eu/v1/lists/100000073345",
            "code": "100000073584",
            "display": "Inhalation use"
          }
        ]
      }
    }
  ]
}