{
  "resourceType": "MedicationKnowledge",
  "id": "Med1",
  "meta": {
    "profile": [
      "http://medigree.net/fhir/mpd5/StructureDefinition/IdentifiableMedication"
    ]
  },
  "text": {
    "status": "generated",
    "div": "<div xmlns=\"http://www.w3.org/1999/xhtml\"><p><b>Generated Narrative: MedicationKnowledge</b></p><div style=\"display: inline-block; background-color: #d9e0e7; padding: 6px; margin: 4px; border: 1px solid #8da1b4; border-radius: 5px; line-height: 60%\"><p style=\"margin-bottom: 0px\">Resource MedicationKnowledge \"Med1\" </p><p style=\"margin-bottom: 0px\">Profile: <a href=\"StructureDefinition-IdentifiableMedication.html\">IdentifiableMedication</a></p></div><p><b>name</b>: MyMed</p></div>"
  },
  "name": [
    "MyMed"
  ]
}