<?xml version="1.0" encoding="UTF-8"?><CodeSystem xmlns="http://hl7.org/fhir"><id value="prod-type-cs"/><text><status value="generated"/><div xmlns="http://www.w3.org/1999/xhtml"><p><b>Properties</b></p><table class="grid"><tr><td><b>Code</b></td><td><b>URL</b></td><td><b>Type</b></td><td><b>Description</b></td></tr><tr><td>template</td><td>https://medigree.github.io/mpd5/concept-produttype-template</td><td>string</td><td/></tr><tr><td>profile</td><td>https://medigree.github.io/mpd5/concept-produttype-profile</td><td>string</td><td/></tr><tr><td>country</td><td>https://medigree.github.io/mpd5/concept-producttype-country</td><td>code</td><td/></tr></table><p>This code system https://medigree.github.io/mpd5/CodeSystem/prod-type-cs defines the following codes:</p><table class="codes"><tr><td style="white-space:nowrap"><b>Code</b></td><td><b>Display</b></td></tr><tr><td style="white-space:nowrap">IDMP_PhP<a name="prod-type-cs-IDMP_PhP"> </a></td><td>IDMP Pharmaceutical Product</td></tr><tr><td style="white-space:nowrap">IDMP_MP<a name="prod-type-cs-IDMP_MP"> </a></td><td>IDMP Medicinal Product</td></tr><tr><td style="white-space:nowrap">IDMP_PP<a name="prod-type-cs-IDMP_PP"> </a></td><td>IDMP Packaged Medicinal Product</td></tr><tr><td style="white-space:nowrap">BE_MP<a name="prod-type-cs-BE_MP"> </a></td><td>Belgian Medicinal Product</td></tr><tr><td style="white-space:nowrap">BE_VMP<a name="prod-type-cs-BE_VMP"> </a></td><td>Virtual Medicinal Product</td></tr><tr><td style="white-space:nowrap">BE_AMP<a name="prod-type-cs-BE_AMP"> </a></td><td>Actual Medicinal Product</td></tr><tr><td style="white-space:nowrap">PT-CNPEM<a name="prod-type-cs-PT-CNPEM"> </a></td><td>PT-CNPEM</td></tr><tr><td style="white-space:nowrap">PT-PMP<a name="prod-type-cs-PT-PMP"> </a></td><td>PT-PMP</td></tr><tr><td style="white-space:nowrap">ePI<a name="prod-type-cs-ePI"> </a></td><td>ePI</td></tr></table></div></text><url value="https://medigree.github.io/mpd5/CodeSystem/prod-type-cs"/><version value="0.1.0"/><name value="ProductTypeCS"/><title value="Product Types code system"/><status value="active"/><date value="2022-08-29T19:31:01+00:00"/><publisher value="Medigree"/><contact><name value="Medigree"/><telecom><system value="url"/><value value="http://medigree.net"/></telecom></contact><description value="Product Types"/><content value="complete"/><count value="9"/><property><code value="template"/><uri value="https://medigree.github.io/mpd5/concept-produttype-template"/><type value="string"/></property><property><code value="profile"/><uri value="https://medigree.github.io/mpd5/concept-produttype-profile"/><type value="string"/></property><property><code value="country"/><uri value="https://medigree.github.io/mpd5/concept-producttype-country"/><type value="code"/></property><concept><code value="IDMP_PhP"/><display value="IDMP Pharmaceutical Product"/></concept><concept><code value="IDMP_MP"/><display value="IDMP Medicinal Product"/></concept><concept><code value="IDMP_PP"/><display value="IDMP Packaged Medicinal Product"/></concept><concept><code value="BE_MP"/><display value="Belgian Medicinal Product"/><property><code value="country"/><valueCode value="BE"/></property></concept><concept><code value="BE_VMP"/><display value="Virtual Medicinal Product"/><property><code value="country"/><valueCode value="BE"/></property></concept><concept><code value="BE_AMP"/><display value="Actual Medicinal Product"/><property><code value="country"/><valueCode value="BE"/></property></concept><concept><code value="PT-CNPEM"/><display value="PT-CNPEM"/><property><code value="country"/><valueCode value="PT"/></property></concept><concept><code value="PT-PMP"/><display value="PT-PMP"/><property><code value="country"/><valueCode value="PT"/></property></concept><concept><code value="ePI"/><display value="ePI"/><property><code value="template"/><valueString value="{&quot;&lt;&gt;&quot;:&quot;div&quot;,&quot;id&quot;:&quot;${synonym}&quot;,&quot;html&quot;:[{&quot;&lt;&gt;&quot;:&quot;table&quot;,&quot;class&quot;:&quot;table table-striped table-sm&quot;,&quot;html&quot;:[{&quot;&lt;&gt;&quot;:&quot;thead&quot;,&quot;html&quot;:[{&quot;&lt;&gt;&quot;:&quot;tr&quot;,&quot;html&quot;:[{&quot;&lt;&gt;&quot;:&quot;th&quot;,&quot;scope&quot;:&quot;col&quot;,&quot;html&quot;:&quot;${resourceType}&quot;},{&quot;&lt;&gt;&quot;:&quot;th&quot;,&quot;scope&quot;:&quot;col&quot;,&quot;html&quot;:&quot;&quot;}]}]},{&quot;&lt;&gt;&quot;:&quot;tbody&quot;,&quot;html&quot;:[{&quot;&lt;&gt;&quot;:&quot;tr&quot;,&quot;html&quot;:[{&quot;&lt;&gt;&quot;:&quot;td&quot;,&quot;style&quot;:&quot;width: 90px;&quot;,&quot;scope&quot;:&quot;row&quot;,&quot;html&quot;:&quot;Name&quot;},{&quot;&lt;&gt;&quot;:&quot;td&quot;,&quot;html&quot;:&quot;${synonym}&quot;}]},{&quot;&lt;&gt;&quot;:&quot;tr&quot;,&quot;html&quot;:[{&quot;&lt;&gt;&quot;:&quot;td&quot;,&quot;scope&quot;:&quot;row&quot;,&quot;html&quot;:&quot;ID&quot;},{&quot;&lt;&gt;&quot;:&quot;td&quot;,&quot;html&quot;:&quot;${id}&quot;}]},{&quot;&lt;&gt;&quot;:&quot;tr&quot;,&quot;html&quot;:[{&quot;&lt;&gt;&quot;:&quot;td&quot;,&quot;scope&quot;:&quot;row&quot;,&quot;html&quot;:&quot;Status&quot;},{&quot;&lt;&gt;&quot;:&quot;td&quot;,&quot;html&quot;:&quot;${status}&quot;}]}]}]}]}"/></property></concept></CodeSystem>