<?xml version="1.0" encoding="UTF-8"?><CodeSystem xmlns="http://hl7.org/fhir"><id value="edqm-route-cs"/><text><status value="generated"/><div xmlns="http://www.w3.org/1999/xhtml"><p><b>Properties</b></p><table class="grid"><tr><td><b>Code</b></td><td><b>URL</b></td><td><b>Type</b></td><td><b>Description</b></td></tr><tr><td>child</td><td>http://hl7.org/fhir/concept-properties#child</td><td>code</td><td/></tr><tr><td>parent</td><td>http://hl7.org/fhir/concept-properties#parent</td><td>code</td><td/></tr></table><p>This code system http://www.edqm.eu/routes defines the following codes:</p><table class="codes"><tr><td style="white-space:nowrap"><b>Code</b></td><td><b>Display</b></td><td><b>Definition</b></td></tr><tr><td style="white-space:nowrap">20053000<a name="edqm-route-cs-20053000"> </a></td><td>Oral use</td><td>Oral use</td></tr></table></div></text><url value="http://www.edqm.eu/routes"/><version value="0.1.0"/><name value="EDQM_ROUTE_CS"/><title value="Dose Form Ontology Code System"/><status value="active"/><date value="2022-08-29T19:31:01+00:00"/><publisher value="Medigree"/><contact><name value="Medigree"/><telecom><system value="url"/><value value="http://medigree.net"/></telecom></contact><hierarchyMeaning value="is-a"/><content value="complete"/><count value="1"/><property><code value="child"/><uri value="http://hl7.org/fhir/concept-properties#child"/><type value="code"/></property><property><code value="parent"/><uri value="http://hl7.org/fhir/concept-properties#parent"/><type value="code"/></property><concept><code value="20053000"/><display value="Oral use"/><definition value="Oral use"/></concept></CodeSystem>