<?xml version="1.0" encoding="UTF-8"?><SearchParameter xmlns="http://hl7.org/fhir"><id value="sp-mpd-name-country"/><url value="https://medigree.github.io/mpd/SearchParameter/sp-mpd-name-country"/><version value="0.1.0"/><name value="MPNameCountry"/><status value="active"/><experimental value="true"/><date value="2022-05-05"/><publisher value="Medigree"/><contact><name value="Medigree"/><telecom><system value="url"/><value value="http://medigree.net"/></telecom></contact><description value="Search by product name country - i.e. the country to where a name applies"/><jurisdiction><coding><system value="http://unstats.un.org/unsd/methods/m49/m49.htm"/><code value="001"/></coding></jurisdiction><purpose value="Search by Product name country"/><code value="name-country"/><base value="MedicinalProductDefinition"/><type value="token"/><expression value="MedicinalProductDefinition.name.countryLanguage.country"/><xpath value="f:MedicinalProductDefinition/f:name/f:countryLanguage/f:country"/><xpathUsage value="normal"/></SearchParameter>