<?xml version="1.0" encoding="UTF-8"?><ValueSet xmlns="http://hl7.org/fhir"><id value="vs-med-relation-types"/><text><status value="generated"/><div xmlns="http://www.w3.org/1999/xhtml"><ul><li>Include all codes defined in <a href="CodeSystem-Cs-med-relation-types.html"><code>http://medigree.net/fhir/mpd5/CodeSystem/Cs-med-relation-types</code></a></li></ul></div></text><url value="http://medigree.net/fhir/mpd5/ValueSet/vs-med-relation-types"/><version value="0.1.0"/><name value="VSMedRelationTypes"/><title value="Medication Relation Types"/><status value="active"/><date value="2022-08-29T19:31:01+00:00"/><publisher value="Medigree"/><contact><name value="Medigree"/><telecom><system value="url"/><value value="http://medigree.net"/></telecom></contact><description value="Medication Relation Types."/><compose><include><system value="http://medigree.net/fhir/mpd5/CodeSystem/Cs-med-relation-types"/></include></compose></ValueSet>