{"resourceType":"CodeSystem","id":"edqm-route-cs","text":{"status":"generated","div":"<div xmlns=\"http://www.w3.org/1999/xhtml\"><p><b>Properties</b></p><table class=\"grid\"><tr><td><b>Code</b></td><td><b>URL</b></td><td><b>Type</b></td><td><b>Description</b></td></tr><tr><td>child</td><td>http://hl7.org/fhir/concept-properties#child</td><td>code</td><td/></tr><tr><td>parent</td><td>http://hl7.org/fhir/concept-properties#parent</td><td>code</td><td/></tr></table><p>This code system http://www.edqm.eu/routes defines the following codes:</p><table class=\"codes\"><tr><td style=\"white-space:nowrap\"><b>Code</b></td><td><b>Display</b></td><td><b>Definition</b></td></tr><tr><td style=\"white-space:nowrap\">20053000<a name=\"edqm-route-cs-20053000\"> </a></td><td>Oral use</td><td>Oral use</td></tr></table></div>"},"url":"http://www.edqm.eu/routes","version":"0.1.0","name":"EDQM_ROUTE_CS","title":"Dose Form Ontology Code System","status":"active","date":"2022-08-29T19:31:01+00:00","publisher":"Medigree","contact":[{"name":"Medigree","telecom":[{"system":"url","value":"http://medigree.net"}]}],"hierarchyMeaning":"is-a","content":"complete","count":1,"property":[{"code":"child","uri":"http://hl7.org/fhir/concept-properties#child","type":"code"},{"code":"parent","uri":"http://hl7.org/fhir/concept-properties#parent","type":"code"}],"concept":[{"code":"20053000","display":"Oral use","definition":"Oral use"}]}