<?xml version="1.0" encoding="UTF-8"?>

<AdministrableProductDefinition xmlns="http://hl7.org/fhir">
  <id value="Taflotan-0.015mg-1ml-eye-drops-solution-EE-APD"/>
  <text>
    <status value="generated"/><div xmlns="http://www.w3.org/1999/xhtml"><p><b>Generated Narrative: AdministrableProductDefinition</b></p><div style="display: inline-block; background-color: #d9e0e7; padding: 6px; margin: 4px; border: 1px solid #8da1b4; border-radius: 5px; line-height: 60%"><p style="margin-bottom: 0px">Resource AdministrableProductDefinition "Taflotan-0.015mg-1ml-eye-drops-solution-EE-APD" </p></div><p><b>status</b>: active</p><p><b>formOf</b>: <a href="MedicinalProductDefinition-Taflotan-0.015mg-1ml-eye-drops-solution-EE-MPD.html">MedicinalProductDefinition/Taflotan-0.015mg-1ml-eye-drops-solution-EE-MPD</a></p><p><b>administrableDoseForm</b>: Eye drops, solution <span style="background: LightGoldenRodYellow; margin: 4px; border: 1px solid khaki"> (200000000004#100000073759)</span></p><p><b>unitOfPresentation</b>: Drop <span style="background: LightGoldenRodYellow; margin: 4px; border: 1px solid khaki"> (200000000014#200000002121)</span></p><p><b>producedFrom</b>: <a href="ManufacturedItemDefinition-Taflotan-0.015mg-1ml-eye-drops-solution-EE-MID.html">ManufacturedItemDefinition/Taflotan-0.015mg-1ml-eye-drops-solution-EE-MID</a></p><h3>RouteOfAdministrations</h3><table class="grid"><tr><td>-</td><td><b>Code</b></td></tr><tr><td>*</td><td>Ocular use  <span style="background: LightGoldenRodYellow; margin: 4px; border: 1px solid khaki"> (100000073345#100000073617)</span></td></tr></table></div>
  </text>
  <status value="active"/>
  <formOf>
    <reference value="MedicinalProductDefinition/Taflotan-0.015mg-1ml-eye-drops-solution-EE-MPD"/>
  </formOf>
  <administrableDoseForm>
    <coding>
      <system value="https://spor.ema.europa.eu/v1/lists/200000000004"/>
      <code value="100000073759"/>
      <display value="Eye drops, solution"/>
    </coding>
  </administrableDoseForm>
  <unitOfPresentation>
    <coding>
      <system value="https://spor.ema.europa.eu/v1/lists/200000000014"/>
      <code value="200000002121"/>
      <display value="Drop"/>
    </coding>
  </unitOfPresentation>
  <producedFrom>
    <reference value="ManufacturedItemDefinition/Taflotan-0.015mg-1ml-eye-drops-solution-EE-MID"/>
  </producedFrom>
  <routeOfAdministration>
    <code>
      <coding>
        <system value="https://spor.ema.europa.eu/v1/lists/100000073345"/>
        <code value="100000073617"/>
        <display value="Ocular use "/>
      </coding>
    </code>
  </routeOfAdministration>
</AdministrableProductDefinition>