<?xml version="1.0" encoding="UTF-8"?>

<AdministrableProductDefinition xmlns="http://hl7.org/fhir">
  <id value="Paracetamol-Kabi-10mg-1ml-solinj-EE-APD-1424034"/>
  <text>
    <status value="generated"/><div xmlns="http://www.w3.org/1999/xhtml"><p><b>Generated Narrative: AdministrableProductDefinition</b></p><div style="display: inline-block; background-color: #d9e0e7; padding: 6px; margin: 4px; border: 1px solid #8da1b4; border-radius: 5px; line-height: 60%"><p style="margin-bottom: 0px">Resource AdministrableProductDefinition "Paracetamol-Kabi-10mg-1ml-solinj-EE-APD-1424034" </p></div><p><b>status</b>: active</p><p><b>formOf</b>: <a href="MedicinalProductDefinition-Paracetamol-Kabi-10mg-1ml-solinj-EE-MPD.html">MedicinalProductDefinition/Paracetamol-Kabi-10mg-1ml-solinj-EE-MPD</a></p><p><b>administrableDoseForm</b>: Solution for solution for infusion  <span style="background: LightGoldenRodYellow; margin: 4px; border: 1px solid khaki"> (200000000004#100000174051)</span></p><p><b>unitOfPresentation</b>: Vial <span style="background: LightGoldenRodYellow; margin: 4px; border: 1px solid khaki"> (200000000014#200000002158)</span></p><p><b>producedFrom</b>: <a href="ManufacturedItemDefinition-Paracetamol-Kabi-10mg-1ml-solinj-EE-MID-1424034.html">ManufacturedItemDefinition/Paracetamol-Kabi-10mg-1ml-solinj-EE-MID-1424034</a></p><h3>RouteOfAdministrations</h3><table class="grid"><tr><td>-</td><td><b>Code</b></td></tr><tr><td>*</td><td>Intravenous use <span style="background: LightGoldenRodYellow; margin: 4px; border: 1px solid khaki"> (100000073345#100000073611)</span></td></tr></table></div>
  </text>
  <status value="active"/>
  <formOf>
    <reference value="MedicinalProductDefinition/Paracetamol-Kabi-10mg-1ml-solinj-EE-MPD"/>
  </formOf>
  <administrableDoseForm>
    <coding>
      <system value="https://spor.ema.europa.eu/v1/lists/200000000004"/>
      <code value="100000174051"/>
      <display value="Solution for solution for infusion "/>
    </coding>
  </administrableDoseForm>
  <unitOfPresentation>
    <coding>
      <system value="https://spor.ema.europa.eu/v1/lists/200000000014"/>
      <code value="200000002158"/>
      <display value="Vial"/>
    </coding>
  </unitOfPresentation>
  <producedFrom>
    <reference value="ManufacturedItemDefinition/Paracetamol-Kabi-10mg-1ml-solinj-EE-MID-1424034"/>
  </producedFrom>
  <routeOfAdministration>
    <code>
      <coding>
        <system value="https://spor.ema.europa.eu/v1/lists/100000073345"/>
        <code value="100000073611"/>
        <display value="Intravenous use"/>
      </coding>
    </code>
  </routeOfAdministration>
</AdministrableProductDefinition>