<?xml version="1.0" encoding="UTF-8"?>

<AdministrableProductDefinition xmlns="http://hl7.org/fhir">
  <id value="Canesten500mg-Vaginal-Soft-Capsule-EE-APD"/>
  <text>
    <status value="generated"/><div xmlns="http://www.w3.org/1999/xhtml"><p><b>Generated Narrative: AdministrableProductDefinition</b></p><div style="display: inline-block; background-color: #d9e0e7; padding: 6px; margin: 4px; border: 1px solid #8da1b4; border-radius: 5px; line-height: 60%"><p style="margin-bottom: 0px">Resource AdministrableProductDefinition "Canesten500mg-Vaginal-Soft-Capsule-EE-APD" </p></div><p><b>status</b>: active</p><p><b>formOf</b>: <a href="MedicinalProductDefinition-Canesten500mg-Vaginal-Soft-Capsule-EE-MPD.html">MedicinalProductDefinition/Canesten500mg-Vaginal-Soft-Capsule-EE-MPD</a></p><p><b>administrableDoseForm</b>: Vaginal capsule, soft <span style="background: LightGoldenRodYellow; margin: 4px; border: 1px solid khaki"> (200000000004#100000073816)</span></p><p><b>unitOfPresentation</b>: Capsule <span style="background: LightGoldenRodYellow; margin: 4px; border: 1px solid khaki"> (200000000014#200000002113)</span></p><p><b>producedFrom</b>: <a href="ManufacturedItemDefinition-Canesten500mg-Vaginal-Soft-Capsule-EE-MID.html">ManufacturedItemDefinition/Canesten500mg-Vaginal-Soft-Capsule-EE-MID</a></p><h3>RouteOfAdministrations</h3><table class="grid"><tr><td>-</td><td><b>Code</b></td></tr><tr><td>*</td><td>Vaginal use <span style="background: LightGoldenRodYellow; margin: 4px; border: 1px solid khaki"> (100000073345#100000073639)</span></td></tr></table></div>
  </text>
  <status value="active"/>
  <formOf>
    <reference value="MedicinalProductDefinition/Canesten500mg-Vaginal-Soft-Capsule-EE-MPD"/>
  </formOf>
  <administrableDoseForm>
    <coding>
      <system value="https://spor.ema.europa.eu/v1/lists/200000000004"/>
      <code value="100000073816"/>
      <display value="Vaginal capsule, soft"/>
    </coding>
  </administrableDoseForm>
  <unitOfPresentation>
    <coding>
      <system value="https://spor.ema.europa.eu/v1/lists/200000000014"/>
      <code value="200000002113"/>
      <display value="Capsule"/>
    </coding>
  </unitOfPresentation>
  <producedFrom>
    <reference value="ManufacturedItemDefinition/Canesten500mg-Vaginal-Soft-Capsule-EE-MID"/>
  </producedFrom>
  <routeOfAdministration>
    <code>
      <coding>
        <system value="https://spor.ema.europa.eu/v1/lists/100000073345"/>
        <code value="100000073639"/>
        <display value="Vaginal use"/>
      </coding>
    </code>
  </routeOfAdministration>
</AdministrableProductDefinition>