<?xml version="1.0" encoding="UTF-8"?>

<AdministrableProductDefinition xmlns="http://hl7.org/fhir">
  <id value="Diclofenac-Mylan-180mg-Med-plaster-EE-APD"/>
  <text>
    <status value="generated"/><div xmlns="http://www.w3.org/1999/xhtml"><p><b>Generated Narrative: AdministrableProductDefinition</b></p><div style="display: inline-block; background-color: #d9e0e7; padding: 6px; margin: 4px; border: 1px solid #8da1b4; border-radius: 5px; line-height: 60%"><p style="margin-bottom: 0px">Resource AdministrableProductDefinition "Diclofenac-Mylan-180mg-Med-plaster-EE-APD" </p></div><p><b>status</b>: active</p><p><b>formOf</b>: <a href="MedicinalProductDefinition-Diclofenac-Mylan-180mg-Med-plaster-EE-MPD.html">MedicinalProductDefinition/Diclofenac-Mylan-180mg-Med-plaster-EE-MPD</a></p><p><b>administrableDoseForm</b>: Medicated plaster <span style="background: LightGoldenRodYellow; margin: 4px; border: 1px solid khaki"> (200000000004#100000073714)</span></p><p><b>unitOfPresentation</b>: Plaster <span style="background: LightGoldenRodYellow; margin: 4px; border: 1px solid khaki"> (200000000014#200000002140)</span></p><p><b>producedFrom</b>: <a href="ManufacturedItemDefinition-Diclofenac-Mylan-180mg-Med-plaster-EE-MID.html">ManufacturedItemDefinition/Diclofenac-Mylan-180mg-Med-plaster-EE-MID</a></p><h3>RouteOfAdministrations</h3><table class="grid"><tr><td>-</td><td><b>Code</b></td></tr><tr><td>*</td><td>Cutaneous use <span style="background: LightGoldenRodYellow; margin: 4px; border: 1px solid khaki"> (100000073345#100000073566)</span></td></tr></table></div>
  </text>
  <status value="active"/>
  <formOf>
    <reference value="MedicinalProductDefinition/Diclofenac-Mylan-180mg-Med-plaster-EE-MPD"/>
  </formOf>
  <administrableDoseForm>
    <coding>
      <system value="https://spor.ema.europa.eu/v1/lists/200000000004"/>
      <code value="100000073714"/>
      <display value="Medicated plaster"/>
    </coding>
  </administrableDoseForm>
  <unitOfPresentation>
    <coding>
      <system value="https://spor.ema.europa.eu/v1/lists/200000000014"/>
      <code value="200000002140"/>
      <display value="Plaster"/>
    </coding>
  </unitOfPresentation>
  <producedFrom>
    <reference value="ManufacturedItemDefinition/Diclofenac-Mylan-180mg-Med-plaster-EE-MID"/>
  </producedFrom>
  <routeOfAdministration>
    <code>
      <coding>
        <system value="https://spor.ema.europa.eu/v1/lists/100000073345"/>
        <code value="100000073566"/>
        <display value="Cutaneous use"/>
      </coding>
    </code>
  </routeOfAdministration>
</AdministrableProductDefinition>