<?xml version="1.0" encoding="UTF-8"?>

<Bundle xmlns="http://hl7.org/fhir">
  <id value="Taflotan-0.015mg-1ml-EE"/>
  <meta>
    <versionId value="1"/>
    <lastUpdated value="2022-08-23T06:28:29.816+00:00"/>
  </meta>
  <type value="transaction"/>
  <entry>
    <resource>
      <MedicinalProductDefinition>
        <id value="Taflotan-0.015mg-1ml-eye-drops-solution-EE-MPD"/>
        <text>
          <status value="generated"/><div xmlns="http://www.w3.org/1999/xhtml"><p><b>Generated Narrative: MedicinalProductDefinition</b></p><div style="display: inline-block; background-color: #d9e0e7; padding: 6px; margin: 4px; border: 1px solid #8da1b4; border-radius: 5px; line-height: 60%"><p style="margin-bottom: 0px">Resource MedicinalProductDefinition "Taflotan-0.015mg-1ml-eye-drops-solution-EE-MPD" </p></div><p><b>identifier</b>: id: 0000000000031, id: EE-100003380-34660</p><p><b>domain</b>: Human use <span style="background: LightGoldenRodYellow; margin: 4px; border: 1px solid khaki"> (100000000004#100000000012)</span></p><p><b>status</b>: Current <span style="background: LightGoldenRodYellow; margin: 4px; border: 1px solid khaki"> (200000005003#200000005004; <a href="http://build.fhir.org/codesystem-publication-status.html">PublicationStatus</a>#active "Active")</span></p><p><b>legalStatusOfSupply</b>: Medicinal Product subject to medical prescription <span style="background: LightGoldenRodYellow; margin: 4px; border: 1px solid khaki"> (100000072051#100000072084)</span></p><p><b>additionalMonitoringIndicator</b>: False <span style="background: LightGoldenRodYellow; margin: 4px; border: 1px solid khaki"> (additionalMonitoringIndicator#False)</span></p><p><b>classification</b>: Tafluprost <span style="background: LightGoldenRodYellow; margin: 4px; border: 1px solid khaki"> (100000093533#100000098531; <a href="http://terminology.hl7.org/3.0.0/CodeSystem-atc.html">WHO ATC</a>#S01EE05 "Tafluprost ")</span></p><blockquote><p><b>name</b></p><p><b>productName</b>: Taflotan, 15 mikrogrammi/ml silmatilgad, lahus</p><blockquote><p><b>namePart</b></p><p><b>part</b>: Taflotan</p><p><b>type</b>: Invented name part <span style="background: LightGoldenRodYellow; margin: 4px; border: 1px solid khaki"> (220000000000#220000000002)</span></p></blockquote><blockquote><p><b>namePart</b></p><p><b>part</b>: 15 mikrogrammi/ml</p><p><b>type</b>: Strength part <span style="background: LightGoldenRodYellow; margin: 4px; border: 1px solid khaki"> (220000000000#220000000004)</span></p></blockquote><blockquote><p><b>namePart</b></p><p><b>part</b>: silmatilgad, lahus</p><p><b>type</b>: Pharmaceutical dose form part <span style="background: LightGoldenRodYellow; margin: 4px; border: 1px solid khaki"> (220000000000#220000000005)</span></p></blockquote><h3>CountryLanguages</h3><table class="grid"><tr><td>-</td><td><b>Country</b></td><td><b>Language</b></td></tr><tr><td>*</td><td>Republic of Estonia <span style="background: LightGoldenRodYellow; margin: 4px; border: 1px solid khaki"> (100000000002#100000000388)</span></td><td>Estonian <span style="background: LightGoldenRodYellow; margin: 4px; border: 1px solid khaki"> (100000072057#100000072172)</span></td></tr></table></blockquote></div>
        </text>
        <extension url="http://ema.europa.eu/fhir/extension/authorisedDoseForm">
          <valueCoding>
            <system value="https://spor.ema.europa.eu/v1/lists/200000000004"/>
            <code value="100000073759"/>
            <display value="Eye drops, solution "/>
          </valueCoding>
        </extension>
        <identifier>
          <system value="http://ema.europa.eu/fhir/pmsId"/>
          <value value="0000000000031"/>
        </identifier>
        <identifier>
          <system value="http://ema.europa.eu/fhir/mpId"/>
          <value value="EE-100003380-34660"/>
        </identifier>
        <domain>
          <coding>
            <system value="https://spor.ema.europa.eu/v1/lists/100000000004"/>
            <code value="100000000012"/>
            <display value="Human use"/>
          </coding>
        </domain>
        <status>
          <coding>
            <system value="https://spor.ema.europa.eu/v1/lists/200000005003"/>
            <code value="200000005004"/>
            <display value="Current"/>
          </coding>
          <coding>
            <system value="http://hl7.org/fhir/publication-status"/>
            <code value="active"/>
            <display value="Active"/>
          </coding>
        </status>
        <legalStatusOfSupply>
          <coding>
            <system value="https://spor.ema.europa.eu/v1/lists/100000072051"/>
            <code value="100000072084"/>
            <display value="Medicinal Product subject to medical prescription"/>
          </coding>
        </legalStatusOfSupply>
        <additionalMonitoringIndicator>
          <coding>
            <system value="http://ema.europa.eu/fhir/additionalMonitoringIndicator"/>
            <code value="False"/>
            <display value="False"/>
          </coding>
        </additionalMonitoringIndicator>
        <classification>
          <coding>
            <system value="https://spor.ema.europa.eu/v1/lists/100000093533"/>
            <code value="100000098531"/>
            <display value="Tafluprost"/>
          </coding>
          <coding>
            <system value="http://www.whocc.no/atc"/>
            <code value="S01EE05"/>
            <display value="Tafluprost "/>
          </coding>
        </classification>
        <name>
          <productName value="Taflotan, 15 mikrogrammi/ml silmatilgad, lahus"/>
          <namePart>
            <part value="Taflotan"/>
            <type>
              <coding>
                <system value="https://spor.ema.europa.eu/v1/lists/220000000000"/>
                <code value="220000000002"/>
                <display value="Invented name part"/>
              </coding>
            </type>
          </namePart>
          <namePart>
            <part value="15 mikrogrammi/ml"/>
            <type>
              <coding>
                <system value="https://spor.ema.europa.eu/v1/lists/220000000000"/>
                <code value="220000000004"/>
                <display value="Strength part"/>
              </coding>
            </type>
          </namePart>
          <namePart>
            <part value="silmatilgad, lahus"/>
            <type>
              <coding>
                <system value="https://spor.ema.europa.eu/v1/lists/220000000000"/>
                <code value="220000000005"/>
                <display value="Pharmaceutical dose form part"/>
              </coding>
            </type>
          </namePart>
          <countryLanguage>
            <country>
              <coding>
                <system value="https://spor.ema.europa.eu/v1/lists/100000000002"/>
                <code value="100000000388"/>
                <display value="Republic of Estonia"/>
              </coding>
            </country>
            <language>
              <coding>
                <system value="https://spor.ema.europa.eu/v1/lists/100000072057"/>
                <code value="100000072172"/>
                <display value="Estonian"/>
              </coding>
            </language>
          </countryLanguage>
        </name>
      </MedicinalProductDefinition>
    </resource>
    <request>
      <method value="PUT"/>
      <url value="MedicinalProductDefinition/Taflotan-0.015mg-1ml-eye-drops-solution-EE-MPD"/>
    </request>
  </entry>
  <entry>
    <resource>
      <RegulatedAuthorization>
        <id value="Taflotan-0.015mg-1ml-eye-drops-solution-EE-RA"/>
        <text>
          <status value="generated"/><div xmlns="http://www.w3.org/1999/xhtml"><p><b>Generated Narrative: RegulatedAuthorization</b></p><div style="display: inline-block; background-color: #d9e0e7; padding: 6px; margin: 4px; border: 1px solid #8da1b4; border-radius: 5px; line-height: 60%"><p style="margin-bottom: 0px">Resource RegulatedAuthorization "Taflotan-0.015mg-1ml-eye-drops-solution-EE-RA" </p></div><p><b>identifier</b>: id: 963218</p><p><b>subject</b>: <a href="#MedicinalProductDefinition_Taflotan-0.015mg-1ml-eye-drops-solution-EE-MPD">See above (MedicinalProductDefinition/Taflotan-0.015mg-1ml-eye-drops-solution-EE-MPD)</a></p><p><b>type</b>: Marketing Authorisation <span style="background: LightGoldenRodYellow; margin: 4px; border: 1px solid khaki"> (220000000060#220000000061)</span></p><p><b>region</b>: Republic of Estonia <span style="background: LightGoldenRodYellow; margin: 4px; border: 1px solid khaki"> (100000000002#100000000388)</span></p><p><b>status</b>: Valid <span style="background: LightGoldenRodYellow; margin: 4px; border: 1px solid khaki"> (100000072049#100000072099)</span></p><p><b>statusDate</b>: 2018-04-03</p><p><b>holder</b>: <span>: Santen Oy</span></p></div>
        </text>
        <identifier>
          <system value="http://ema.europa.eu/fhir/marketingAuthorizationNumber"/>
          <value value="963218"/>
        </identifier>
        <subject>
          <reference value="MedicinalProductDefinition/Taflotan-0.015mg-1ml-eye-drops-solution-EE-MPD"/>
        </subject>
        <type>
          <coding>
            <system value="https://spor.ema.europa.eu/v1/lists/220000000060"/>
            <code value="220000000061"/>
            <display value="Marketing Authorisation"/>
          </coding>
        </type>
        <region>
          <coding>
            <system value="https://spor.ema.europa.eu/v1/lists/100000000002"/>
            <code value="100000000388"/>
            <display value="Republic of Estonia"/>
          </coding>
        </region>
        <status>
          <coding>
            <system value="https://spor.ema.europa.eu/v1/lists/100000072049"/>
            <code value="100000072099"/>
            <display value="Valid"/>
          </coding>
        </status>
        <statusDate value="2018-04-03"/>
        <holder>
          <identifier>
            <system value="https://spor.ema.europa.eu/v1/locations"/>
            <value value="LOC-100003380"/>
          </identifier>
          <display value="Santen Oy"/>
        </holder>
      </RegulatedAuthorization>
    </resource>
    <request>
      <method value="PUT"/>
      <url value="RegulatedAuthorization/Taflotan-0.015mg-1ml-eye-drops-solution-EE-RA"/>
    </request>
  </entry>
  <entry>
    <resource>
      <AdministrableProductDefinition>
        <id value="Taflotan-0.015mg-1ml-eye-drops-solution-EE-APD"/>
        <text>
          <status value="generated"/><div xmlns="http://www.w3.org/1999/xhtml"><p><b>Generated Narrative: AdministrableProductDefinition</b></p><div style="display: inline-block; background-color: #d9e0e7; padding: 6px; margin: 4px; border: 1px solid #8da1b4; border-radius: 5px; line-height: 60%"><p style="margin-bottom: 0px">Resource AdministrableProductDefinition "Taflotan-0.015mg-1ml-eye-drops-solution-EE-APD" </p></div><p><b>status</b>: active</p><p><b>formOf</b>: <a href="#MedicinalProductDefinition_Taflotan-0.015mg-1ml-eye-drops-solution-EE-MPD">See above (MedicinalProductDefinition/Taflotan-0.015mg-1ml-eye-drops-solution-EE-MPD)</a></p><p><b>administrableDoseForm</b>: Eye drops, solution <span style="background: LightGoldenRodYellow; margin: 4px; border: 1px solid khaki"> (200000000004#100000073759)</span></p><p><b>unitOfPresentation</b>: Drop <span style="background: LightGoldenRodYellow; margin: 4px; border: 1px solid khaki"> (200000000014#200000002121)</span></p><p><b>producedFrom</b>: <a href="#ManufacturedItemDefinition_Taflotan-0.015mg-1ml-eye-drops-solution-EE-MID">See above (ManufacturedItemDefinition/Taflotan-0.015mg-1ml-eye-drops-solution-EE-MID)</a></p><h3>RouteOfAdministrations</h3><table class="grid"><tr><td>-</td><td><b>Code</b></td></tr><tr><td>*</td><td>Ocular use  <span style="background: LightGoldenRodYellow; margin: 4px; border: 1px solid khaki"> (100000073345#100000073617)</span></td></tr></table></div>
        </text>
        <status value="active"/>
        <formOf>
          <reference value="MedicinalProductDefinition/Taflotan-0.015mg-1ml-eye-drops-solution-EE-MPD"/>
        </formOf>
        <administrableDoseForm>
          <coding>
            <system value="https://spor.ema.europa.eu/v1/lists/200000000004"/>
            <code value="100000073759"/>
            <display value="Eye drops, solution"/>
          </coding>
        </administrableDoseForm>
        <unitOfPresentation>
          <coding>
            <system value="https://spor.ema.europa.eu/v1/lists/200000000014"/>
            <code value="200000002121"/>
            <display value="Drop"/>
          </coding>
        </unitOfPresentation>
        <producedFrom>
          <reference value="ManufacturedItemDefinition/Taflotan-0.015mg-1ml-eye-drops-solution-EE-MID"/>
        </producedFrom>
        <routeOfAdministration>
          <code>
            <coding>
              <system value="https://spor.ema.europa.eu/v1/lists/100000073345"/>
              <code value="100000073617"/>
              <display value="Ocular use "/>
            </coding>
          </code>
        </routeOfAdministration>
      </AdministrableProductDefinition>
    </resource>
    <request>
      <method value="PUT"/>
      <url value="AdministrableProductDefinition/Taflotan-0.015mg-1ml-eye-drops-solution-EE-APD"/>
    </request>
  </entry>
  <entry>
    <resource>
      <ManufacturedItemDefinition>
        <id value="Taflotan-0.015mg-1ml-eye-drops-solution-EE-MID"/>
        <text>
          <status value="generated"/><div xmlns="http://www.w3.org/1999/xhtml"><p><b>Generated Narrative: ManufacturedItemDefinition</b></p><div style="display: inline-block; background-color: #d9e0e7; padding: 6px; margin: 4px; border: 1px solid #8da1b4; border-radius: 5px; line-height: 60%"><p style="margin-bottom: 0px">Resource ManufacturedItemDefinition "Taflotan-0.015mg-1ml-eye-drops-solution-EE-MID" </p></div><p><b>status</b>: active</p><p><b>manufacturedDoseForm</b>: Eye drops, solution <span style="background: LightGoldenRodYellow; margin: 4px; border: 1px solid khaki"> (200000000004#100000073759)</span></p><p><b>unitOfPresentation</b>: Bottle <span style="background: LightGoldenRodYellow; margin: 4px; border: 1px solid khaki"> (200000000014#200000002111)</span></p></div>
        </text>
        <status value="active"/>
        <manufacturedDoseForm>
          <coding>
            <system value="https://spor.ema.europa.eu/v1/lists/200000000004"/>
            <code value="100000073759"/>
            <display value="Eye drops, solution"/>
          </coding>
        </manufacturedDoseForm>
        <unitOfPresentation>
          <coding>
            <system value="https://spor.ema.europa.eu/v1/lists/200000000014"/>
            <code value="200000002111"/>
            <display value="Bottle"/>
          </coding>
        </unitOfPresentation>
      </ManufacturedItemDefinition>
    </resource>
    <request>
      <method value="PUT"/>
      <url value="ManufacturedItemDefinition/Taflotan-0.015mg-1ml-eye-drops-solution-EE-MID"/>
    </request>
  </entry>
  <entry>
    <resource>
      <Ingredient>
        <id value="Taflotan-0.015mg-1ml-eye-drops-solution-EE-I"/>
        <text>
          <status value="generated"/><div xmlns="http://www.w3.org/1999/xhtml"><p><b>Generated Narrative: Ingredient</b></p><div style="display: inline-block; background-color: #d9e0e7; padding: 6px; margin: 4px; border: 1px solid #8da1b4; border-radius: 5px; line-height: 60%"><p style="margin-bottom: 0px">Resource Ingredient "Taflotan-0.015mg-1ml-eye-drops-solution-EE-I" </p></div><p><b>status</b>: active</p><p><b>for</b>: </p><ul><li><a href="#MedicinalProductDefinition_Taflotan-0.015mg-1ml-eye-drops-solution-EE-MPD">See above (MedicinalProductDefinition/Taflotan-0.015mg-1ml-eye-drops-solution-EE-MPD)</a></li><li><a href="#ManufacturedItemDefinition_Taflotan-0.015mg-1ml-eye-drops-solution-EE-MID">See above (ManufacturedItemDefinition/Taflotan-0.015mg-1ml-eye-drops-solution-EE-MID)</a></li><li><a href="#AdministrableProductDefinition_Taflotan-0.015mg-1ml-eye-drops-solution-EE-APD">See above (AdministrableProductDefinition/Taflotan-0.015mg-1ml-eye-drops-solution-EE-APD)</a></li></ul><p><b>role</b>: Active <span style="background: LightGoldenRodYellow; margin: 4px; border: 1px solid khaki"> (100000072050#100000072072)</span></p><blockquote><p><b>substance</b></p><blockquote><p><b>strength</b></p><p><b>presentation</b>: </p></blockquote></blockquote><p><b style="color: maroon">Exception generating Narrative: null</b></p></div>
        </text>
        <status value="active"/>
        <for>
          <reference value="MedicinalProductDefinition/Taflotan-0.015mg-1ml-eye-drops-solution-EE-MPD"/>
        </for>
        <for>
          <reference value="ManufacturedItemDefinition/Taflotan-0.015mg-1ml-eye-drops-solution-EE-MID"/>
        </for>
        <for>
          <reference value="AdministrableProductDefinition/Taflotan-0.015mg-1ml-eye-drops-solution-EE-APD"/>
        </for>
        <role>
          <coding>
            <system value="https://spor.ema.europa.eu/v1/lists/100000072050"/>
            <code value="100000072072"/>
            <display value="Active"/>
          </coding>
        </role>
        <substance>
          <code>
            <concept>
              <coding>
                <system value="https://spor.ema.europa.eu/v2/SubstanceDefinition"/>
                <code value="100000115886"/>
                <display value="Tafluprost"/>
              </coding>
            </concept>
          </code>
          <strength>
            <presentationRatio>
              <numerator>
                <value value="0.45"/>
                <comparator>
                  <extension url="http://ema.europa.eu/fhir/extension/comparator">
                    <valueCoding>
                      <system value="https://spor.ema.europa.eu/v1/lists/100000000008"/>
                      <code value="100000000049"/>
                      <display value="equal to"/>
                    </valueCoding>
                  </extension>
                </comparator>
                <unit value="microgram(s)"/>
                <system value="https://spor.ema.europa.eu/v1/lists/100000110633"/>
                <code value="100000110656"/>
              </numerator>
              <denominator>
                <value value="1"/>
                <unit value="Drop"/>
                <system value="https://spor.ema.europa.eu/v1/lists/200000000014"/>
                <code value="200000002121"/>
              </denominator>
            </presentationRatio>
          </strength>
          <strength>
            <concentrationRatio>
              <numerator>
                <value value="15"/>
                <comparator>
                  <extension url="http://ema.europa.eu/fhir/extension/comparator">
                    <valueCoding>
                      <system value="https://spor.ema.europa.eu/v1/lists/100000000008"/>
                      <code value="100000000049"/>
                      <display value="equal to"/>
                    </valueCoding>
                  </extension>
                </comparator>
                <unit value="microgram(s)"/>
                <system value="https://spor.ema.europa.eu/v1/lists/100000110633"/>
                <code value="100000110656"/>
              </numerator>
              <denominator>
                <value value="1"/>
                <unit value="millilitre(s)"/>
                <system value="https://spor.ema.europa.eu/v1/lists/100000110633"/>
                <code value="100000110662"/>
              </denominator>
            </concentrationRatio>
          </strength>
        </substance>
      </Ingredient>
    </resource>
    <request>
      <method value="PUT"/>
      <url value="Ingredient/Taflotan-0.015mg-1ml-eye-drops-solution-EE-I"/>
    </request>
  </entry>
  <entry>
    <resource>
      <PackagedProductDefinition>
        <id value="Taflotan-0.015mg-1ml-eye-drops-solution-EE-PPD-1753703"/>
        <text>
          <status value="extensions"/><div xmlns="http://www.w3.org/1999/xhtml"><p><b>Generated Narrative: PackagedProductDefinition</b></p><div style="display: inline-block; background-color: #d9e0e7; padding: 6px; margin: 4px; border: 1px solid #8da1b4; border-radius: 5px; line-height: 60%"><p style="margin-bottom: 0px">Resource PackagedProductDefinition "Taflotan-0.015mg-1ml-eye-drops-solution-EE-PPD-1753703" </p></div><p><b>Extension Definition for PackagedProductDefinition.containedItemQuantity for Version 5.0</b>: 1 Bottle<span style="background: LightGoldenRodYellow"> (Details: http://spor.ema.europa.eu/v1/lists/200000000014 code 200000002111 = '200000002111')</span></p><p><b>identifier</b>: id: EE-EE-100003380-34660-1753703</p><p><b>packageFor</b>: <a href="#MedicinalProductDefinition_Taflotan-0.015mg-1ml-eye-drops-solution-EE-MPD">See above (MedicinalProductDefinition/Taflotan-0.015mg-1ml-eye-drops-solution-EE-MPD)</a></p><p><b>description</b>: Läbipaistvad väikese tihedusega polüetüleenpudelid (LDPE) valge Aptari tilgutiga (polüetüleen, polüpropüleen, tsükliline olefiin-kopolümeer), mis on kaetud sinise polüetüleenkorgiga. Iga pudel  sisaldab 3 ml, 5 ml või 7 ml lahust.</p><blockquote><p><b>package</b></p><p><b>type</b>: Box <span style="background: LightGoldenRodYellow; margin: 4px; border: 1px solid khaki"> (100000073346#100000073498)</span></p><p><b>quantity</b>: 1</p><p><b>material</b>: Cardboard <span style="background: LightGoldenRodYellow; margin: 4px; border: 1px solid khaki"> (200000003199#200000003529)</span></p><blockquote><p><b>package</b></p><p><b>type</b>: Bottle <span style="background: LightGoldenRodYellow; margin: 4px; border: 1px solid khaki"> (100000073346#100000073497)</span></p><p><b>quantity</b>: 1</p><p><b>material</b>: Glass <span style="background: LightGoldenRodYellow; margin: 4px; border: 1px solid khaki"> (200000003199#200000003203)</span></p></blockquote></blockquote></div>
        </text>
        <extension url="http://hl7.org/fhir/5.0/StructureDefinition/extension-PackagedProductDefinition.containedItemQuantity">
          <valueQuantity>
            <value value="1"/>
            <unit value="Bottle"/>
            <system value="http://spor.ema.europa.eu/v1/lists/200000000014"/>
            <code value="200000002111"/>
          </valueQuantity>
        </extension>
        <identifier>
          <system value="http://ema.europa.eu/example/pcid"/>
          <value value="EE-EE-100003380-34660-1753703"/>
        </identifier>
        <packageFor>
          <reference value="MedicinalProductDefinition/Taflotan-0.015mg-1ml-eye-drops-solution-EE-MPD"/>
        </packageFor>
        <description value="Läbipaistvad väikese tihedusega polüetüleenpudelid (LDPE) valge Aptari tilgutiga (polüetüleen, polüpropüleen, tsükliline olefiin-kopolümeer), mis on kaetud sinise polüetüleenkorgiga. Iga pudel  sisaldab 3 ml, 5 ml või 7 ml lahust.">
          <extension url="http://ema.europa.eu/fhir/extension/language">
            <valueCoding>
              <system value="https://spor.ema.europa.eu/v1/lists/100000072057"/>
              <code value="100000072172"/>
              <display value="Estonian"/>
            </valueCoding>
          </extension>
        </description>
        <marketingStatus>
          <country>
            <coding>
              <system value="https://spor.ema.europa.eu/v1/lists/100000000002"/>
              <code value="100000000388"/>
              <display value="Republic of Estonia"/>
            </coding>
          </country>
          <status>
            <coding>
              <system value="https://spor.ema.europa.eu/v1/lists/100000072052"/>
              <code value="100000072083"/>
              <display value="Marketed"/>
            </coding>
          </status>
        </marketingStatus>
        <package>
          <type>
            <coding>
              <system value="https://spor.ema.europa.eu/v1/lists/100000073346"/>
              <code value="100000073498"/>
              <display value="Box"/>
            </coding>
          </type>
          <quantity value="1"/>
          <material>
            <coding>
              <system value="https://spor.ema.europa.eu/v1/lists/200000003199"/>
              <code value="200000003529"/>
              <display value="Cardboard"/>
            </coding>
          </material>
          <package>
            <type>
              <coding>
                <system value="https://spor.ema.europa.eu/v1/lists/100000073346"/>
                <code value="100000073497"/>
                <display value="Bottle"/>
              </coding>
            </type>
            <quantity value="1"/>
            <material>
              <coding>
                <system value="https://spor.ema.europa.eu/v1/lists/200000003199"/>
                <code value="200000003203"/>
                <display value="Glass"/>
              </coding>
            </material>
            <containedItem>
              <item>
                <reference>
                  <reference value="ManufacturedItemDefinition/Taflotan-0.015mg-1ml-eye-drops-solution-EE-MID"/>
                </reference>
              </item>
              <amount>
                <value value="3"/>
                <unit value="millilitre(s) "/>
                <system value="https://spor.ema.europa.eu/v1/lists/100000110633"/>
                <code value="100000110662"/>
              </amount>
            </containedItem>
          </package>
        </package>
      </PackagedProductDefinition>
    </resource>
    <request>
      <method value="PUT"/>
      <url value="PackagedProductDefinition/Taflotan-0.015mg-1ml-eye-drops-solution-EE-PPD-1753703"/>
    </request>
  </entry>
</Bundle>