<?xml version="1.0" encoding="UTF-8"?>

<Bundle xmlns="http://hl7.org/fhir">
  <id value="Paracetamol-Kabi10mg-1ml-EE"/>
  <meta>
    <versionId value="1"/>
    <lastUpdated value="2022-08-23T06:28:29.173+00:00"/>
  </meta>
  <type value="transaction"/>
  <entry>
    <resource>
      <MedicinalProductDefinition>
        <id value="Paracetamol-Kabi-10mg-1ml-solinj-EE-MPD"/>
        <text>
          <status value="generated"/><div xmlns="http://www.w3.org/1999/xhtml"><p><b>Generated Narrative: MedicinalProductDefinition</b></p><div style="display: inline-block; background-color: #d9e0e7; padding: 6px; margin: 4px; border: 1px solid #8da1b4; border-radius: 5px; line-height: 60%"><p style="margin-bottom: 0px">Resource MedicinalProductDefinition "Paracetamol-Kabi-10mg-1ml-solinj-EE-MPD" </p></div><p><b>identifier</b>: id: 0000000030, id: EE-100008123-25101</p><p><b>domain</b>: Human use <span style="background: LightGoldenRodYellow; margin: 4px; border: 1px solid khaki"> (100000000004#100000000012)</span></p><p><b>status</b>: Current <span style="background: LightGoldenRodYellow; margin: 4px; border: 1px solid khaki"> (200000005003#200000005004; <a href="http://build.fhir.org/codesystem-publication-status.html">PublicationStatus</a>#active "Active")</span></p><p><b>legalStatusOfSupply</b>: Medicinal Product subject to medical prescription <span style="background: LightGoldenRodYellow; margin: 4px; border: 1px solid khaki"> (100000072051#100000072084)</span></p><p><b>additionalMonitoringIndicator</b>: True <span style="background: LightGoldenRodYellow; margin: 4px; border: 1px solid khaki"> (additionalMonitoringIndicator#True)</span></p><p><b>classification</b>: Paracetamol <span style="background: LightGoldenRodYellow; margin: 4px; border: 1px solid khaki"> (100000093533#100000097305; <a href="http://terminology.hl7.org/3.0.0/CodeSystem-atc.html">WHO ATC</a>#N02BE01)</span></p><blockquote><p><b>name</b></p><p><b>productName</b>: Paracetamol Kabi 10 mg/ml, infusioonilahus</p><blockquote><p><b>namePart</b></p><p><b>part</b>: Paracetamol Kabi</p><p><b>type</b>: Invented name part <span style="background: LightGoldenRodYellow; margin: 4px; border: 1px solid khaki"> (220000000000#220000000002)</span></p></blockquote><blockquote><p><b>namePart</b></p><p><b>part</b>: 10 mg/ml</p><p><b>type</b>: Strength part <span style="background: LightGoldenRodYellow; margin: 4px; border: 1px solid khaki"> (220000000000#220000000004)</span></p></blockquote><blockquote><p><b>namePart</b></p><p><b>part</b>: infusioonilahus</p><p><b>type</b>: Pharmaceutical dose form part <span style="background: LightGoldenRodYellow; margin: 4px; border: 1px solid khaki"> (220000000000#220000000005)</span></p></blockquote><h3>CountryLanguages</h3><table class="grid"><tr><td>-</td><td><b>Country</b></td><td><b>Language</b></td></tr><tr><td>*</td><td>Republic of Estonia <span style="background: LightGoldenRodYellow; margin: 4px; border: 1px solid khaki"> (100000000002#100000000388)</span></td><td>Estonian <span style="background: LightGoldenRodYellow; margin: 4px; border: 1px solid khaki"> (100000072057#100000072172)</span></td></tr></table></blockquote></div>
        </text>
        <extension url="http://ema.europa.eu/fhir/extension/authorisedDoseForm">
          <valueCoding>
            <system value="https://spor.ema.europa.eu/v1/lists/200000000004"/>
            <code value="100000073870"/>
            <display value="Solution for infusion"/>
          </valueCoding>
        </extension>
        <identifier>
          <system value="http://ema.europa.eu/fhir/pmsId"/>
          <value value="0000000030"/>
        </identifier>
        <identifier>
          <system value="http://ema.europa.eu/fhir/mpId"/>
          <value value="EE-100008123-25101"/>
        </identifier>
        <domain>
          <coding>
            <system value="https://spor.ema.europa.eu/v1/lists/100000000004"/>
            <code value="100000000012"/>
            <display value="Human use"/>
          </coding>
        </domain>
        <status>
          <coding>
            <system value="https://spor.ema.europa.eu/v1/lists/200000005003"/>
            <code value="200000005004"/>
            <display value="Current"/>
          </coding>
          <coding>
            <system value="http://hl7.org/fhir/publication-status"/>
            <code value="active"/>
            <display value="Active"/>
          </coding>
        </status>
        <legalStatusOfSupply>
          <coding>
            <system value="https://spor.ema.europa.eu/v1/lists/100000072051"/>
            <code value="100000072084"/>
            <display value="Medicinal Product subject to medical prescription"/>
          </coding>
        </legalStatusOfSupply>
        <additionalMonitoringIndicator>
          <coding>
            <system value="http://ema.europa.eu/fhir/additionalMonitoringIndicator"/>
            <code value="True"/>
            <display value="True"/>
          </coding>
        </additionalMonitoringIndicator>
        <classification>
          <coding>
            <system value="https://spor.ema.europa.eu/v1/lists/100000093533"/>
            <code value="100000097305"/>
            <display value="Paracetamol"/>
          </coding>
          <coding>
            <system value="http://www.whocc.no/atc"/>
            <code value="N02BE01"/>
            <display value="Paracetamol"/>
          </coding>
        </classification>
        <name>
          <productName value="Paracetamol Kabi 10 mg/ml, infusioonilahus"/>
          <namePart>
            <part value="Paracetamol Kabi"/>
            <type>
              <coding>
                <system value="https://spor.ema.europa.eu/v1/lists/220000000000"/>
                <code value="220000000002"/>
                <display value="Invented name part"/>
              </coding>
            </type>
          </namePart>
          <namePart>
            <part value="10 mg/ml"/>
            <type>
              <coding>
                <system value="https://spor.ema.europa.eu/v1/lists/220000000000"/>
                <code value="220000000004"/>
                <display value="Strength part"/>
              </coding>
            </type>
          </namePart>
          <namePart>
            <part value="infusioonilahus"/>
            <type>
              <coding>
                <system value="https://spor.ema.europa.eu/v1/lists/220000000000"/>
                <code value="220000000005"/>
                <display value="Pharmaceutical dose form part"/>
              </coding>
            </type>
          </namePart>
          <countryLanguage>
            <country>
              <coding>
                <system value="https://spor.ema.europa.eu/v1/lists/100000000002"/>
                <code value="100000000388"/>
                <display value="Republic of Estonia"/>
              </coding>
            </country>
            <language>
              <coding>
                <system value="https://spor.ema.europa.eu/v1/lists/100000072057"/>
                <code value="100000072172"/>
                <display value="Estonian"/>
              </coding>
            </language>
          </countryLanguage>
        </name>
      </MedicinalProductDefinition>
    </resource>
    <request>
      <method value="PUT"/>
      <url value="MedicinalProductDefinition/Paracetamol-Kabi-10mg-1ml-solinj-EE-MPD"/>
    </request>
  </entry>
  <entry>
    <resource>
      <RegulatedAuthorization>
        <id value="Paracetamol-Kabi-10mg-1ml-solinj-EE-RA"/>
        <text>
          <status value="generated"/><div xmlns="http://www.w3.org/1999/xhtml"><p><b>Generated Narrative: RegulatedAuthorization</b></p><div style="display: inline-block; background-color: #d9e0e7; padding: 6px; margin: 4px; border: 1px solid #8da1b4; border-radius: 5px; line-height: 60%"><p style="margin-bottom: 0px">Resource RegulatedAuthorization "Paracetamol-Kabi-10mg-1ml-solinj-EE-RA" </p></div><p><b>identifier</b>: id: 715010</p><p><b>subject</b>: <a href="#MedicinalProductDefinition_Paracetamol-Kabi-10mg-1ml-solinj-EE-MPD">See above (MedicinalProductDefinition/Paracetamol-Kabi-10mg-1ml-solinj-EE-MPD)</a></p><p><b>type</b>: Marketing Authorisation <span style="background: LightGoldenRodYellow; margin: 4px; border: 1px solid khaki"> (220000000060#220000000061)</span></p><p><b>region</b>: Republic of Estonia <span style="background: LightGoldenRodYellow; margin: 4px; border: 1px solid khaki"> (100000000002#100000000388)</span></p><p><b>status</b>: Valid - Renewed/Varied <span style="background: LightGoldenRodYellow; margin: 4px; border: 1px solid khaki"> (100000072049#200000017708)</span></p><p><b>statusDate</b>: 2015-09-17</p><p><b>holder</b>: <span>: Fresenius Kabi Polska Sp. z o.o. </span></p></div>
        </text>
        <identifier>
          <system value="http://ema.europa.eu/fhir/marketingAuthorizationNumber"/>
          <value value="715010"/>
        </identifier>
        <subject>
          <reference value="MedicinalProductDefinition/Paracetamol-Kabi-10mg-1ml-solinj-EE-MPD"/>
        </subject>
        <type>
          <coding>
            <system value="https://spor.ema.europa.eu/v1/lists/220000000060"/>
            <code value="220000000061"/>
            <display value="Marketing Authorisation"/>
          </coding>
        </type>
        <region>
          <coding>
            <system value="https://spor.ema.europa.eu/v1/lists/100000000002"/>
            <code value="100000000388"/>
            <display value="Republic of Estonia"/>
          </coding>
        </region>
        <status>
          <coding>
            <system value="https://spor.ema.europa.eu/v1/lists/100000072049"/>
            <code value="200000017708"/>
            <display value="Valid - Renewed/Varied"/>
          </coding>
        </status>
        <statusDate value="2015-09-17"/>
        <holder>
          <identifier>
            <system value="https://spor.ema.europa.eu/v1/locations"/>
            <value value="LOC-100008123"/>
          </identifier>
          <display value="Fresenius Kabi Polska Sp. z o.o. "/>
        </holder>
      </RegulatedAuthorization>
    </resource>
    <request>
      <method value="PUT"/>
      <url value="RegulatedAuthorization/Paracetamol-Kabi-10mg-1ml-solinj-EE-RA"/>
    </request>
  </entry>
  <entry>
    <resource>
      <AdministrableProductDefinition>
        <id value="Paracetamol-Kabi-10mg-1ml-solinj-EE-APD-1424034"/>
        <text>
          <status value="generated"/><div xmlns="http://www.w3.org/1999/xhtml"><p><b>Generated Narrative: AdministrableProductDefinition</b></p><div style="display: inline-block; background-color: #d9e0e7; padding: 6px; margin: 4px; border: 1px solid #8da1b4; border-radius: 5px; line-height: 60%"><p style="margin-bottom: 0px">Resource AdministrableProductDefinition "Paracetamol-Kabi-10mg-1ml-solinj-EE-APD-1424034" </p></div><p><b>status</b>: active</p><p><b>formOf</b>: <a href="#MedicinalProductDefinition_Paracetamol-Kabi-10mg-1ml-solinj-EE-MPD">See above (MedicinalProductDefinition/Paracetamol-Kabi-10mg-1ml-solinj-EE-MPD)</a></p><p><b>administrableDoseForm</b>: Solution for solution for infusion  <span style="background: LightGoldenRodYellow; margin: 4px; border: 1px solid khaki"> (200000000004#100000174051)</span></p><p><b>unitOfPresentation</b>: Vial <span style="background: LightGoldenRodYellow; margin: 4px; border: 1px solid khaki"> (200000000014#200000002158)</span></p><p><b>producedFrom</b>: <a href="#ManufacturedItemDefinition_Paracetamol-Kabi-10mg-1ml-solinj-EE-MID-1424034">See above (ManufacturedItemDefinition/Paracetamol-Kabi-10mg-1ml-solinj-EE-MID-1424034)</a></p><h3>RouteOfAdministrations</h3><table class="grid"><tr><td>-</td><td><b>Code</b></td></tr><tr><td>*</td><td>Intravenous use <span style="background: LightGoldenRodYellow; margin: 4px; border: 1px solid khaki"> (100000073345#100000073611)</span></td></tr></table></div>
        </text>
        <status value="active"/>
        <formOf>
          <reference value="MedicinalProductDefinition/Paracetamol-Kabi-10mg-1ml-solinj-EE-MPD"/>
        </formOf>
        <administrableDoseForm>
          <coding>
            <system value="https://spor.ema.europa.eu/v1/lists/200000000004"/>
            <code value="100000174051"/>
            <display value="Solution for solution for infusion "/>
          </coding>
        </administrableDoseForm>
        <unitOfPresentation>
          <coding>
            <system value="https://spor.ema.europa.eu/v1/lists/200000000014"/>
            <code value="200000002158"/>
            <display value="Vial"/>
          </coding>
        </unitOfPresentation>
        <producedFrom>
          <reference value="ManufacturedItemDefinition/Paracetamol-Kabi-10mg-1ml-solinj-EE-MID-1424034"/>
        </producedFrom>
        <routeOfAdministration>
          <code>
            <coding>
              <system value="https://spor.ema.europa.eu/v1/lists/100000073345"/>
              <code value="100000073611"/>
              <display value="Intravenous use"/>
            </coding>
          </code>
        </routeOfAdministration>
      </AdministrableProductDefinition>
    </resource>
    <request>
      <method value="PUT"/>
      <url value="AdministrableProductDefinition/Paracetamol-Kabi-10mg-1ml-solinj-EE-APD-1424034"/>
    </request>
  </entry>
  <entry>
    <resource>
      <AdministrableProductDefinition>
        <id value="Paracetamol-Kabi-10mg-1ml-solinj-EE-APD-1799905"/>
        <text>
          <status value="generated"/><div xmlns="http://www.w3.org/1999/xhtml"><p><b>Generated Narrative: AdministrableProductDefinition</b></p><div style="display: inline-block; background-color: #d9e0e7; padding: 6px; margin: 4px; border: 1px solid #8da1b4; border-radius: 5px; line-height: 60%"><p style="margin-bottom: 0px">Resource AdministrableProductDefinition "Paracetamol-Kabi-10mg-1ml-solinj-EE-APD-1799905" </p></div><p><b>status</b>: active</p><p><b>formOf</b>: <a href="#MedicinalProductDefinition_Paracetamol-Kabi-10mg-1ml-solinj-EE-MPD">See above (MedicinalProductDefinition/Paracetamol-Kabi-10mg-1ml-solinj-EE-MPD)</a></p><p><b>administrableDoseForm</b>: Solution for solution for infusion  <span style="background: LightGoldenRodYellow; margin: 4px; border: 1px solid khaki"> (200000000004#100000174051)</span></p><p><b>unitOfPresentation</b>: Ampoule <span style="background: LightGoldenRodYellow; margin: 4px; border: 1px solid khaki"> (200000000014#200000002164)</span></p><p><b>producedFrom</b>: <a href="#ManufacturedItemDefinition_Paracetamol-Kabi-10mg-1ml-solinj-EE-MID-1799905">See above (ManufacturedItemDefinition/Paracetamol-Kabi-10mg-1ml-solinj-EE-MID-1799905)</a></p><h3>RouteOfAdministrations</h3><table class="grid"><tr><td>-</td><td><b>Code</b></td></tr><tr><td>*</td><td>Intravenous use <span style="background: LightGoldenRodYellow; margin: 4px; border: 1px solid khaki"> (100000073345#100000073611)</span></td></tr></table></div>
        </text>
        <status value="active"/>
        <formOf>
          <reference value="MedicinalProductDefinition/Paracetamol-Kabi-10mg-1ml-solinj-EE-MPD"/>
        </formOf>
        <administrableDoseForm>
          <coding>
            <system value="https://spor.ema.europa.eu/v1/lists/200000000004"/>
            <code value="100000174051"/>
            <display value="Solution for solution for infusion "/>
          </coding>
        </administrableDoseForm>
        <unitOfPresentation>
          <coding>
            <system value="https://spor.ema.europa.eu/v1/lists/200000000014"/>
            <code value="200000002164"/>
            <display value="Ampoule"/>
          </coding>
        </unitOfPresentation>
        <producedFrom>
          <reference value="ManufacturedItemDefinition/Paracetamol-Kabi-10mg-1ml-solinj-EE-MID-1799905"/>
        </producedFrom>
        <routeOfAdministration>
          <code>
            <coding>
              <system value="https://spor.ema.europa.eu/v1/lists/100000073345"/>
              <code value="100000073611"/>
              <display value="Intravenous use"/>
            </coding>
          </code>
        </routeOfAdministration>
      </AdministrableProductDefinition>
    </resource>
    <request>
      <method value="PUT"/>
      <url value="AdministrableProductDefinition/Paracetamol-Kabi-10mg-1ml-solinj-EE-APD-1799905"/>
    </request>
  </entry>
  <entry>
    <resource>
      <AdministrableProductDefinition>
        <id value="Paracetamol-Kabi-10mg-1ml-solinj-EE-APD-1424056"/>
        <text>
          <status value="generated"/><div xmlns="http://www.w3.org/1999/xhtml"><p><b>Generated Narrative: AdministrableProductDefinition</b></p><div style="display: inline-block; background-color: #d9e0e7; padding: 6px; margin: 4px; border: 1px solid #8da1b4; border-radius: 5px; line-height: 60%"><p style="margin-bottom: 0px">Resource AdministrableProductDefinition "Paracetamol-Kabi-10mg-1ml-solinj-EE-APD-1424056" </p></div><p><b>status</b>: active</p><p><b>formOf</b>: <a href="#MedicinalProductDefinition_Paracetamol-Kabi-10mg-1ml-solinj-EE-MPD">See above (MedicinalProductDefinition/Paracetamol-Kabi-10mg-1ml-solinj-EE-MPD)</a></p><p><b>administrableDoseForm</b>: Solution for solution for infusion  <span style="background: LightGoldenRodYellow; margin: 4px; border: 1px solid khaki"> (200000000004#100000174051)</span></p><p><b>unitOfPresentation</b>: Bag <span style="background: LightGoldenRodYellow; margin: 4px; border: 1px solid khaki"> (200000000014#200000002166)</span></p><p><b>producedFrom</b>: <a href="#ManufacturedItemDefinition_Paracetamol-Kabi-10mg-1ml-solinj-EE-MID-1424056">See above (ManufacturedItemDefinition/Paracetamol-Kabi-10mg-1ml-solinj-EE-MID-1424056)</a></p><h3>RouteOfAdministrations</h3><table class="grid"><tr><td>-</td><td><b>Code</b></td></tr><tr><td>*</td><td>Intravenous use <span style="background: LightGoldenRodYellow; margin: 4px; border: 1px solid khaki"> (100000073345#100000073611)</span></td></tr></table></div>
        </text>
        <status value="active"/>
        <formOf>
          <reference value="MedicinalProductDefinition/Paracetamol-Kabi-10mg-1ml-solinj-EE-MPD"/>
        </formOf>
        <administrableDoseForm>
          <coding>
            <system value="https://spor.ema.europa.eu/v1/lists/200000000004"/>
            <code value="100000174051"/>
            <display value="Solution for solution for infusion "/>
          </coding>
        </administrableDoseForm>
        <unitOfPresentation>
          <coding>
            <system value="https://spor.ema.europa.eu/v1/lists/200000000014"/>
            <code value="200000002166"/>
            <display value="Bag"/>
          </coding>
        </unitOfPresentation>
        <producedFrom>
          <reference value="ManufacturedItemDefinition/Paracetamol-Kabi-10mg-1ml-solinj-EE-MID-1424056"/>
        </producedFrom>
        <routeOfAdministration>
          <code>
            <coding>
              <system value="https://spor.ema.europa.eu/v1/lists/100000073345"/>
              <code value="100000073611"/>
              <display value="Intravenous use"/>
            </coding>
          </code>
        </routeOfAdministration>
      </AdministrableProductDefinition>
    </resource>
    <request>
      <method value="PUT"/>
      <url value="AdministrableProductDefinition/Paracetamol-Kabi-10mg-1ml-solinj-EE-APD-1424056"/>
    </request>
  </entry>
  <entry>
    <resource>
      <ManufacturedItemDefinition>
        <id value="Paracetamol-Kabi-10mg-1ml-solinj-EE-MID-1424034"/>
        <text>
          <status value="generated"/><div xmlns="http://www.w3.org/1999/xhtml"><p><b>Generated Narrative: ManufacturedItemDefinition</b></p><div style="display: inline-block; background-color: #d9e0e7; padding: 6px; margin: 4px; border: 1px solid #8da1b4; border-radius: 5px; line-height: 60%"><p style="margin-bottom: 0px">Resource ManufacturedItemDefinition "Paracetamol-Kabi-10mg-1ml-solinj-EE-MID-1424034" </p></div><p><b>status</b>: active</p><p><b>manufacturedDoseForm</b>: Solution for infusion <span style="background: LightGoldenRodYellow; margin: 4px; border: 1px solid khaki"> (200000000004#100000073870)</span></p><p><b>unitOfPresentation</b>: Vial <span style="background: LightGoldenRodYellow; margin: 4px; border: 1px solid khaki"> (200000000014#200000002158)</span></p></div>
        </text>
        <status value="active"/>
        <manufacturedDoseForm>
          <coding>
            <system value="https://spor.ema.europa.eu/v1/lists/200000000004"/>
            <code value="100000073870"/>
            <display value="Solution for infusion"/>
          </coding>
        </manufacturedDoseForm>
        <unitOfPresentation>
          <coding>
            <system value="https://spor.ema.europa.eu/v1/lists/200000000014"/>
            <code value="200000002158"/>
            <display value="Vial"/>
          </coding>
        </unitOfPresentation>
      </ManufacturedItemDefinition>
    </resource>
    <request>
      <method value="PUT"/>
      <url value="ManufacturedItemDefinition/Paracetamol-Kabi-10mg-1ml-solinj-EE-MID-1424034"/>
    </request>
  </entry>
  <entry>
    <resource>
      <ManufacturedItemDefinition>
        <id value="Paracetamol-Kabi-10mg-1ml-solinj-EE-MID-1799905"/>
        <text>
          <status value="generated"/><div xmlns="http://www.w3.org/1999/xhtml"><p><b>Generated Narrative: ManufacturedItemDefinition</b></p><div style="display: inline-block; background-color: #d9e0e7; padding: 6px; margin: 4px; border: 1px solid #8da1b4; border-radius: 5px; line-height: 60%"><p style="margin-bottom: 0px">Resource ManufacturedItemDefinition "Paracetamol-Kabi-10mg-1ml-solinj-EE-MID-1799905" </p></div><p><b>status</b>: active</p><p><b>manufacturedDoseForm</b>: Solution for infusion <span style="background: LightGoldenRodYellow; margin: 4px; border: 1px solid khaki"> (200000000004#100000073870)</span></p><p><b>unitOfPresentation</b>: Ampoule <span style="background: LightGoldenRodYellow; margin: 4px; border: 1px solid khaki"> (200000000014#200000002164)</span></p></div>
        </text>
        <status value="active"/>
        <manufacturedDoseForm>
          <coding>
            <system value="https://spor.ema.europa.eu/v1/lists/200000000004"/>
            <code value="100000073870"/>
            <display value="Solution for infusion"/>
          </coding>
        </manufacturedDoseForm>
        <unitOfPresentation>
          <coding>
            <system value="https://spor.ema.europa.eu/v1/lists/200000000014"/>
            <code value="200000002164"/>
            <display value="Ampoule"/>
          </coding>
        </unitOfPresentation>
      </ManufacturedItemDefinition>
    </resource>
    <request>
      <method value="PUT"/>
      <url value="ManufacturedItemDefinition/Paracetamol-Kabi-10mg-1ml-solinj-EE-MID-1799905"/>
    </request>
  </entry>
  <entry>
    <resource>
      <ManufacturedItemDefinition>
        <id value="Paracetamol-Kabi-10mg-1ml-solinj-EE-MID-1424056"/>
        <text>
          <status value="generated"/><div xmlns="http://www.w3.org/1999/xhtml"><p><b>Generated Narrative: ManufacturedItemDefinition</b></p><div style="display: inline-block; background-color: #d9e0e7; padding: 6px; margin: 4px; border: 1px solid #8da1b4; border-radius: 5px; line-height: 60%"><p style="margin-bottom: 0px">Resource ManufacturedItemDefinition "Paracetamol-Kabi-10mg-1ml-solinj-EE-MID-1424056" </p></div><p><b>status</b>: active</p><p><b>manufacturedDoseForm</b>: Solution for infusion <span style="background: LightGoldenRodYellow; margin: 4px; border: 1px solid khaki"> (200000000004#100000073870)</span></p><p><b>unitOfPresentation</b>: Bag <span style="background: LightGoldenRodYellow; margin: 4px; border: 1px solid khaki"> (200000000014#200000002166)</span></p></div>
        </text>
        <status value="active"/>
        <manufacturedDoseForm>
          <coding>
            <system value="https://spor.ema.europa.eu/v1/lists/200000000004"/>
            <code value="100000073870"/>
            <display value="Solution for infusion"/>
          </coding>
        </manufacturedDoseForm>
        <unitOfPresentation>
          <coding>
            <system value="https://spor.ema.europa.eu/v1/lists/200000000014"/>
            <code value="200000002166"/>
            <display value="Bag"/>
          </coding>
        </unitOfPresentation>
      </ManufacturedItemDefinition>
    </resource>
    <request>
      <method value="PUT"/>
      <url value="ManufacturedItemDefinition/Paracetamol-Kabi-10mg-1ml-solinj-EE-MID-1424056"/>
    </request>
  </entry>
  <entry>
    <resource>
      <Ingredient>
        <id value="Paracetamol-Kabi-10mg-1ml-solinj-EE-I"/>
        <text>
          <status value="generated"/><div xmlns="http://www.w3.org/1999/xhtml"><p><b>Generated Narrative: Ingredient</b></p><div style="display: inline-block; background-color: #d9e0e7; padding: 6px; margin: 4px; border: 1px solid #8da1b4; border-radius: 5px; line-height: 60%"><p style="margin-bottom: 0px">Resource Ingredient "Paracetamol-Kabi-10mg-1ml-solinj-EE-I" </p></div><p><b>status</b>: active</p><p><b>for</b>: </p><ul><li><a href="#MedicinalProductDefinition_Paracetamol-Kabi-10mg-1ml-solinj-EE-MPD">See above (MedicinalProductDefinition/Paracetamol-Kabi-10mg-1ml-solinj-EE-MPD)</a></li><li><a href="#ManufacturedItemDefinition_Paracetamol-Kabi-10mg-1ml-solinj-EE-MID-1424034">See above (ManufacturedItemDefinition/Paracetamol-Kabi-10mg-1ml-solinj-EE-MID-1424034)</a></li><li><a href="#ManufacturedItemDefinition_Paracetamol-Kabi-10mg-1ml-solinj-EE-MID-1799905">See above (ManufacturedItemDefinition/Paracetamol-Kabi-10mg-1ml-solinj-EE-MID-1799905)</a></li><li><a href="#ManufacturedItemDefinition_Paracetamol-Kabi-10mg-1ml-solinj-EE-MID-1424056">See above (ManufacturedItemDefinition/Paracetamol-Kabi-10mg-1ml-solinj-EE-MID-1424056)</a></li><li><a href="#AdministrableProductDefinition_Paracetamol-Kabi-10mg-1ml-solinj-EE-APD-1424034">See above (AdministrableProductDefinition/Paracetamol-Kabi-10mg-1ml-solinj-EE-APD-1424034)</a></li><li><a href="#AdministrableProductDefinition_Paracetamol-Kabi-10mg-1ml-solinj-EE-APD-1799905">See above (AdministrableProductDefinition/Paracetamol-Kabi-10mg-1ml-solinj-EE-APD-1799905)</a></li><li><a href="#AdministrableProductDefinition_Paracetamol-Kabi-10mg-1ml-solinj-EE-APD-1424056">See above (AdministrableProductDefinition/Paracetamol-Kabi-10mg-1ml-solinj-EE-APD-1424056)</a></li></ul><p><b>role</b>: Active <span style="background: LightGoldenRodYellow; margin: 4px; border: 1px solid khaki"> (100000072050#100000072072)</span></p><blockquote><p><b>substance</b></p></blockquote><p><b style="color: maroon">Exception generating Narrative: null</b></p></div>
        </text>
        <status value="active"/>
        <for>
          <reference value="MedicinalProductDefinition/Paracetamol-Kabi-10mg-1ml-solinj-EE-MPD"/>
        </for>
        <for>
          <reference value="ManufacturedItemDefinition/Paracetamol-Kabi-10mg-1ml-solinj-EE-MID-1424034"/>
        </for>
        <for>
          <reference value="ManufacturedItemDefinition/Paracetamol-Kabi-10mg-1ml-solinj-EE-MID-1799905"/>
        </for>
        <for>
          <reference value="ManufacturedItemDefinition/Paracetamol-Kabi-10mg-1ml-solinj-EE-MID-1424056"/>
        </for>
        <for>
          <reference value="AdministrableProductDefinition/Paracetamol-Kabi-10mg-1ml-solinj-EE-APD-1424034"/>
        </for>
        <for>
          <reference value="AdministrableProductDefinition/Paracetamol-Kabi-10mg-1ml-solinj-EE-APD-1799905"/>
        </for>
        <for>
          <reference value="AdministrableProductDefinition/Paracetamol-Kabi-10mg-1ml-solinj-EE-APD-1424056"/>
        </for>
        <role>
          <coding>
            <system value="https://spor.ema.europa.eu/v1/lists/100000072050"/>
            <code value="100000072072"/>
            <display value="Active"/>
          </coding>
        </role>
        <substance>
          <code>
            <concept>
              <coding>
                <system value="https://spor.ema.europa.eu/v2/SubstanceDefinition"/>
                <code value="100000090270"/>
                <display value="Paracetamol"/>
              </coding>
            </concept>
          </code>
          <strength>
            <concentrationRatio>
              <numerator>
                <value value="10"/>
                <comparator>
                  <extension url="http://ema.europa.eu/fhir/extension/comparator">
                    <valueCoding>
                      <system value="https://spor.ema.europa.eu/v1/lists/100000000008"/>
                      <code value="100000000049"/>
                      <display value="equal to"/>
                    </valueCoding>
                  </extension>
                </comparator>
                <unit value="milligram(s)"/>
                <system value="https://spor.ema.europa.eu/v1/lists/100000110633"/>
                <code value="100000110655"/>
              </numerator>
              <denominator>
                <value value="1"/>
                <unit value="millilitre(s)"/>
                <system value="https://spor.ema.europa.eu/v1/lists/100000110633"/>
                <code value="100000110662"/>
              </denominator>
            </concentrationRatio>
          </strength>
        </substance>
      </Ingredient>
    </resource>
    <request>
      <method value="PUT"/>
      <url value="Ingredient/Paracetamol-Kabi-10mg-1ml-solinj-EE-I"/>
    </request>
  </entry>
  <entry>
    <resource>
      <PackagedProductDefinition>
        <id value="Paracetamol-Kabi-10mg-1ml-solinj-EE-PPD-1424034"/>
        <text>
          <status value="extensions"/><div xmlns="http://www.w3.org/1999/xhtml"><p><b>Generated Narrative: PackagedProductDefinition</b></p><div style="display: inline-block; background-color: #d9e0e7; padding: 6px; margin: 4px; border: 1px solid #8da1b4; border-radius: 5px; line-height: 60%"><p style="margin-bottom: 0px">Resource PackagedProductDefinition "Paracetamol-Kabi-10mg-1ml-solinj-EE-PPD-1424034" </p></div><p><b>Extension Definition for PackagedProductDefinition.containedItemQuantity for Version 5.0</b>: 1 vial<span style="background: LightGoldenRodYellow"> (Details: http://spor.ema.europa.eu/v1/lists/200000000014 code 200000002158 = '200000002158')</span></p><p><b>identifier</b>: id: EE-100008123-25101-1424034</p><p><b>packageFor</b>: <a href="#MedicinalProductDefinition_Paracetamol-Kabi-10mg-1ml-solinj-EE-MPD">See above (MedicinalProductDefinition/Paracetamol-Kabi-10mg-1ml-solinj-EE-MPD)</a></p><p><b>description</b>:  50 ml ja 100 ml II tüüpi klaasist viaalid, mis on suletud bromobutüülkorgi ja alumiinium/plastik  äratõmmatava korgiga.</p><blockquote><p><b>package</b></p><p><b>type</b>: Box <span style="background: LightGoldenRodYellow; margin: 4px; border: 1px solid khaki"> (100000073346#100000073498)</span></p><p><b>quantity</b>: 1</p><p><b>material</b>: Cardboard <span style="background: LightGoldenRodYellow; margin: 4px; border: 1px solid khaki"> (200000003199#200000003529)</span></p><blockquote><p><b>package</b></p><p><b>type</b>: vial <span style="background: LightGoldenRodYellow; margin: 4px; border: 1px solid khaki"> (100000073346#200000002158)</span></p><p><b>quantity</b>: 1</p><p><b>material</b>: Glass type II  <span style="background: LightGoldenRodYellow; margin: 4px; border: 1px solid khaki"> (200000003199#200000003205)</span></p></blockquote></blockquote></div>
        </text>
        <extension url="http://hl7.org/fhir/5.0/StructureDefinition/extension-PackagedProductDefinition.containedItemQuantity">
          <valueQuantity>
            <value value="1"/>
            <unit value="vial"/>
            <system value="http://spor.ema.europa.eu/v1/lists/200000000014"/>
            <code value="200000002158"/>
          </valueQuantity>
        </extension>
        <identifier>
          <system value="http://ema.europa.eu/example/pcid"/>
          <value value="EE-100008123-25101-1424034"/>
        </identifier>
        <packageFor>
          <reference value="MedicinalProductDefinition/Paracetamol-Kabi-10mg-1ml-solinj-EE-MPD"/>
        </packageFor>
        <description value=" 50 ml ja 100 ml II tüüpi klaasist viaalid, mis on suletud bromobutüülkorgi ja alumiinium/plastik  äratõmmatava korgiga.">
          <extension url="http://ema.europa.eu/fhir/extension/language">
            <valueCoding>
              <system value="https://spor.ema.europa.eu/v1/lists/100000072057"/>
              <code value="100000072172"/>
              <display value="Estonian"/>
            </valueCoding>
          </extension>
        </description>
        <marketingStatus>
          <country>
            <coding>
              <system value="https://spor.ema.europa.eu/v1/lists/100000000002"/>
              <code value="100000000388"/>
              <display value="Republic of Estonia"/>
            </coding>
          </country>
          <status>
            <coding>
              <system value="https://spor.ema.europa.eu/v1/lists/100000072052"/>
              <code value="100000072083"/>
              <display value="Marketed"/>
            </coding>
          </status>
        </marketingStatus>
        <package>
          <type>
            <coding>
              <system value="https://spor.ema.europa.eu/v1/lists/100000073346"/>
              <code value="100000073498"/>
              <display value="Box"/>
            </coding>
          </type>
          <quantity value="1"/>
          <material>
            <coding>
              <system value="https://spor.ema.europa.eu/v1/lists/200000003199"/>
              <code value="200000003529"/>
              <display value="Cardboard"/>
            </coding>
          </material>
          <package>
            <type>
              <coding>
                <system value="https://spor.ema.europa.eu/v1/lists/100000073346"/>
                <code value="200000002158"/>
                <display value="vial"/>
              </coding>
            </type>
            <quantity value="1"/>
            <material>
              <coding>
                <system value="https://spor.ema.europa.eu/v1/lists/200000003199"/>
                <code value="200000003205"/>
                <display value="Glass type II "/>
              </coding>
            </material>
            <containedItem>
              <item>
                <reference>
                  <reference value="ManufacturedItemDefinition/Paracetamol-Kabi-10mg-1ml-solinj-EE-MID-1424034"/>
                </reference>
              </item>
              <amount>
                <value value="1"/>
              </amount>
            </containedItem>
          </package>
        </package>
      </PackagedProductDefinition>
    </resource>
    <request>
      <method value="PUT"/>
      <url value="PackagedProductDefinition/Paracetamol-Kabi-10mg-1ml-solinj-EE-PPD-1424034"/>
    </request>
  </entry>
  <entry>
    <resource>
      <PackagedProductDefinition>
        <id value="Paracetamol-Kabi-10mg-1ml-solinj-EE-PPD-1799905"/>
        <text>
          <status value="extensions"/><div xmlns="http://www.w3.org/1999/xhtml"><p><b>Generated Narrative: PackagedProductDefinition</b></p><div style="display: inline-block; background-color: #d9e0e7; padding: 6px; margin: 4px; border: 1px solid #8da1b4; border-radius: 5px; line-height: 60%"><p style="margin-bottom: 0px">Resource PackagedProductDefinition "Paracetamol-Kabi-10mg-1ml-solinj-EE-PPD-1799905" </p></div><p><b>Extension Definition for PackagedProductDefinition.containedItemQuantity for Version 5.0</b>: 1 Ampoule<span style="background: LightGoldenRodYellow"> (Details: http://spor.ema.europa.eu/v1/lists/200000000014 code 200000002164 = '200000002164')</span></p><p><b>identifier</b>: id: EE-100008123-25101-1799905</p><p><b>packageFor</b>: <a href="#MedicinalProductDefinition_Paracetamol-Kabi-10mg-1ml-solinj-EE-MPD">See above (MedicinalProductDefinition/Paracetamol-Kabi-10mg-1ml-solinj-EE-MPD)</a></p><p><b>description</b>: 10 ml I tüüpi värvitust klaasist ampullid.</p><blockquote><p><b>package</b></p><p><b>type</b>: Box <span style="background: LightGoldenRodYellow; margin: 4px; border: 1px solid khaki"> (100000073346#100000073498)</span></p><p><b>quantity</b>: 1</p><p><b>material</b>: Cardboard <span style="background: LightGoldenRodYellow; margin: 4px; border: 1px solid khaki"> (200000003199#200000003529)</span></p><blockquote><p><b>package</b></p><p><b>type</b>: Ampoule <span style="background: LightGoldenRodYellow; margin: 4px; border: 1px solid khaki"> (100000073346#100000073490)</span></p><p><b>quantity</b>: 10</p><p><b>material</b>: Glass type I  <span style="background: LightGoldenRodYellow; margin: 4px; border: 1px solid khaki"> (200000003199#200000003204)</span></p></blockquote></blockquote></div>
        </text>
        <extension url="http://hl7.org/fhir/5.0/StructureDefinition/extension-PackagedProductDefinition.containedItemQuantity">
          <valueQuantity>
            <value value="1"/>
            <unit value="Ampoule"/>
            <system value="http://spor.ema.europa.eu/v1/lists/200000000014"/>
            <code value="200000002164"/>
          </valueQuantity>
        </extension>
        <identifier>
          <system value="http://ema.europa.eu/example/pcid"/>
          <value value="EE-100008123-25101-1799905"/>
        </identifier>
        <packageFor>
          <reference value="MedicinalProductDefinition/Paracetamol-Kabi-10mg-1ml-solinj-EE-MPD"/>
        </packageFor>
        <description value="10 ml I tüüpi värvitust klaasist ampullid.">
          <extension url="http://ema.europa.eu/fhir/extension/language">
            <valueCoding>
              <system value="https://spor.ema.europa.eu/v1/lists/100000072057"/>
              <code value="100000072172"/>
              <display value="Estonian"/>
            </valueCoding>
          </extension>
        </description>
        <marketingStatus>
          <country>
            <coding>
              <system value="https://spor.ema.europa.eu/v1/lists/100000000002"/>
              <code value="100000000388"/>
              <display value="Republic of Estonia"/>
            </coding>
          </country>
          <status>
            <coding>
              <system value="https://spor.ema.europa.eu/v1/lists/100000072052"/>
              <code value="100000072083"/>
              <display value="Marketed"/>
            </coding>
          </status>
        </marketingStatus>
        <package>
          <type>
            <coding>
              <system value="https://spor.ema.europa.eu/v1/lists/100000073346"/>
              <code value="100000073498"/>
              <display value="Box"/>
            </coding>
          </type>
          <quantity value="1"/>
          <material>
            <coding>
              <system value="https://spor.ema.europa.eu/v1/lists/200000003199"/>
              <code value="200000003529"/>
              <display value="Cardboard"/>
            </coding>
          </material>
          <package>
            <type>
              <coding>
                <system value="https://spor.ema.europa.eu/v1/lists/100000073346"/>
                <code value="100000073490"/>
                <display value="Ampoule"/>
              </coding>
            </type>
            <quantity value="10"/>
            <material>
              <coding>
                <system value="https://spor.ema.europa.eu/v1/lists/200000003199"/>
                <code value="200000003204"/>
                <display value="Glass type I "/>
              </coding>
            </material>
            <containedItem>
              <item>
                <reference>
                  <reference value="ManufacturedItemDefinition/Paracetamol-Kabi-10mg-1ml-solinj-EE-MID-1799905"/>
                </reference>
              </item>
              <amount>
                <value value="1"/>
              </amount>
            </containedItem>
          </package>
        </package>
      </PackagedProductDefinition>
    </resource>
    <request>
      <method value="PUT"/>
      <url value="PackagedProductDefinition/Paracetamol-Kabi-10mg-1ml-solinj-EE-PPD-1799905"/>
    </request>
  </entry>
  <entry>
    <resource>
      <PackagedProductDefinition>
        <id value="Paracetamol-Kabi-10mg-1ml-solinj-EE-PPD-1424056"/>
        <text>
          <status value="extensions"/><div xmlns="http://www.w3.org/1999/xhtml"><p><b>Generated Narrative: PackagedProductDefinition</b></p><div style="display: inline-block; background-color: #d9e0e7; padding: 6px; margin: 4px; border: 1px solid #8da1b4; border-radius: 5px; line-height: 60%"><p style="margin-bottom: 0px">Resource PackagedProductDefinition "Paracetamol-Kabi-10mg-1ml-solinj-EE-PPD-1424056" </p></div><p><b>Extension Definition for PackagedProductDefinition.containedItemQuantity for Version 5.0</b>: 1 Bag<span style="background: LightGoldenRodYellow"> (Details: http://spor.ema.europa.eu/v1/lists/200000000014 code 200000002166 = '200000002166')</span></p><p><b>identifier</b>: id: EE-100008123-25101-1424056</p><p><b>packageFor</b>: <a href="#MedicinalProductDefinition_Paracetamol-Kabi-10mg-1ml-solinj-EE-MPD">See above (MedicinalProductDefinition/Paracetamol-Kabi-10mg-1ml-solinj-EE-MPD)</a></p><p><b>description</b>: 50 ml ja 100 ml plastkotid, millel on manustamisport (infusiooniport) ja lisamisport (süsteport); kotid koosnevad polüolefiinist sisekihist ja alumiiniumisisaldusega kattekihist ning sisaldavad hapnikuabsorbenti. Kotid on suletud polüisopreenist korgi ja polüpropüleenist kaanega.</p><blockquote><p><b>package</b></p><p><b>type</b>: Box <span style="background: LightGoldenRodYellow; margin: 4px; border: 1px solid khaki"> (100000073346#100000073498)</span></p><p><b>quantity</b>: 1</p><p><b>material</b>: Cardboard <span style="background: LightGoldenRodYellow; margin: 4px; border: 1px solid khaki"> (200000003199#200000003529)</span></p><blockquote><p><b>package</b></p><p><b>type</b>: Bag <span style="background: LightGoldenRodYellow; margin: 4px; border: 1px solid khaki"> (100000073346#100000073493)</span></p><p><b>quantity</b>: 20</p><p><b>material</b>: Polyolefin  <span style="background: LightGoldenRodYellow; margin: 4px; border: 1px solid khaki"> (200000003199#200000003218)</span></p></blockquote></blockquote></div>
        </text>
        <extension url="http://hl7.org/fhir/5.0/StructureDefinition/extension-PackagedProductDefinition.containedItemQuantity">
          <valueQuantity>
            <value value="1"/>
            <unit value="Bag"/>
            <system value="http://spor.ema.europa.eu/v1/lists/200000000014"/>
            <code value="200000002166"/>
          </valueQuantity>
        </extension>
        <identifier>
          <system value="http://ema.europa.eu/example/pcid"/>
          <value value="EE-100008123-25101-1424056"/>
        </identifier>
        <packageFor>
          <reference value="MedicinalProductDefinition/Paracetamol-Kabi-10mg-1ml-solinj-EE-MPD"/>
        </packageFor>
        <description value="50 ml ja 100 ml plastkotid, millel on manustamisport (infusiooniport) ja lisamisport (süsteport); kotid koosnevad polüolefiinist sisekihist ja alumiiniumisisaldusega kattekihist ning sisaldavad hapnikuabsorbenti. Kotid on suletud polüisopreenist korgi ja polüpropüleenist kaanega.">
          <extension url="http://ema.europa.eu/fhir/extension/language">
            <valueCoding>
              <system value="https://spor.ema.europa.eu/v1/lists/100000072057"/>
              <code value="100000072172"/>
              <display value="Estonian"/>
            </valueCoding>
          </extension>
        </description>
        <marketingStatus>
          <country>
            <coding>
              <system value="https://spor.ema.europa.eu/v1/lists/100000000002"/>
              <code value="100000000388"/>
              <display value="Republic of Estonia"/>
            </coding>
          </country>
          <status>
            <coding>
              <system value="https://spor.ema.europa.eu/v1/lists/100000072052"/>
              <code value="100000072083"/>
              <display value="Marketed"/>
            </coding>
          </status>
        </marketingStatus>
        <package>
          <type>
            <coding>
              <system value="https://spor.ema.europa.eu/v1/lists/100000073346"/>
              <code value="100000073498"/>
              <display value="Box"/>
            </coding>
          </type>
          <quantity value="1"/>
          <material>
            <coding>
              <system value="https://spor.ema.europa.eu/v1/lists/200000003199"/>
              <code value="200000003529"/>
              <display value="Cardboard"/>
            </coding>
          </material>
          <package>
            <type>
              <coding>
                <system value="https://spor.ema.europa.eu/v1/lists/100000073346"/>
                <code value="100000073493"/>
                <display value="Bag"/>
              </coding>
            </type>
            <quantity value="20"/>
            <material>
              <coding>
                <system value="https://spor.ema.europa.eu/v1/lists/200000003199"/>
                <code value="200000003218"/>
                <display value="Polyolefin "/>
              </coding>
            </material>
            <containedItem>
              <item>
                <reference>
                  <reference value="ManufacturedItemDefinition/Paracetamol-Kabi-10mg-1ml-solinj-EE-MID-1424056"/>
                </reference>
              </item>
              <amount>
                <value value="1"/>
              </amount>
            </containedItem>
          </package>
        </package>
      </PackagedProductDefinition>
    </resource>
    <request>
      <method value="PUT"/>
      <url value="PackagedProductDefinition/Paracetamol-Kabi-10mg-1ml-solinj-EE-PPD-1424056"/>
    </request>
  </entry>
</Bundle>