<?xml version="1.0" encoding="UTF-8"?>

<ManufacturedItemDefinition xmlns="http://hl7.org/fhir">
  <id value="Sandimmun-Neoral-25mg-Soft-Capsule-EE-MID"/>
  <text>
    <status value="generated"/><div xmlns="http://www.w3.org/1999/xhtml"><p><b>Generated Narrative: ManufacturedItemDefinition</b></p><div style="display: inline-block; background-color: #d9e0e7; padding: 6px; margin: 4px; border: 1px solid #8da1b4; border-radius: 5px; line-height: 60%"><p style="margin-bottom: 0px">Resource ManufacturedItemDefinition "Sandimmun-Neoral-25mg-Soft-Capsule-EE-MID" </p></div><p><b>status</b>: active</p><p><b>manufacturedDoseForm</b>: Capsule, soft <span style="background: LightGoldenRodYellow; margin: 4px; border: 1px solid khaki"> (200000000004#100000073660)</span></p><p><b>unitOfPresentation</b>: Capsule <span style="background: LightGoldenRodYellow; margin: 4px; border: 1px solid khaki"> (200000000014#200000002113)</span></p></div>
  </text>
  <status value="active"/>
  <manufacturedDoseForm>
    <coding>
      <system value="https://spor.ema.europa.eu/v1/lists/200000000004"/>
      <code value="100000073660"/>
      <display value="Capsule, soft"/>
    </coding>
  </manufacturedDoseForm>
  <unitOfPresentation>
    <coding>
      <system value="https://spor.ema.europa.eu/v1/lists/200000000014"/>
      <code value="200000002113"/>
      <display value="Capsule"/>
    </coding>
  </unitOfPresentation>
</ManufacturedItemDefinition>