<?xml version="1.0" encoding="UTF-8"?>

<MedicinalProductDefinition xmlns="http://hl7.org/fhir">
  <id value="Enalapril-Vitabalans-5mg-Tablet-EE-MPD"/>
  <text>
    <status value="generated"/><div xmlns="http://www.w3.org/1999/xhtml"><p><b>Generated Narrative: MedicinalProductDefinition</b></p><div style="display: inline-block; background-color: #d9e0e7; padding: 6px; margin: 4px; border: 1px solid #8da1b4; border-radius: 5px; line-height: 60%"><p style="margin-bottom: 0px">Resource MedicinalProductDefinition "Enalapril-Vitabalans-5mg-Tablet-EE-MPD" </p></div><p><b>identifier</b>: id: EE-ML192-23517</p><p><b>domain</b>: Human use <span style="background: LightGoldenRodYellow; margin: 4px; border: 1px solid khaki"> (100000000004#100000000012)</span></p><p><b>status</b>: Current <span style="background: LightGoldenRodYellow; margin: 4px; border: 1px solid khaki"> (200000005003#200000005004)</span></p><p><b>legalStatusOfSupply</b>: Medicinal product subject to medical prescription <span style="background: LightGoldenRodYellow; margin: 4px; border: 1px solid khaki"> (100000072051#100000072084)</span></p><p><b>classification</b>: Enalapril  <span style="background: LightGoldenRodYellow; margin: 4px; border: 1px solid khaki"> (100000093533#100000095104; <a href="http://terminology.hl7.org/3.0.0/CodeSystem-atc.html">WHO ATC</a>#C09AA02 "Enalapril")</span></p><blockquote><p><b>name</b></p><p><b>productName</b>: Enalapril Vitabalans, 5 mg tabletid</p><blockquote><p><b>namePart</b></p><p><b>part</b>: Enalapril Vitabalans</p><p><b>type</b>: Invented Name Part <span style="background: LightGoldenRodYellow; margin: 4px; border: 1px solid khaki"> (220000000000#220000000002)</span></p></blockquote><blockquote><p><b>namePart</b></p><p><b>part</b>: 5 mg</p><p><b>type</b>: Strength part <span style="background: LightGoldenRodYellow; margin: 4px; border: 1px solid khaki"> (220000000000#220000000004)</span></p></blockquote><blockquote><p><b>namePart</b></p><p><b>part</b>: tabletid</p><p><b>type</b>: Pharmaceutical dose form part <span style="background: LightGoldenRodYellow; margin: 4px; border: 1px solid khaki"> (220000000000#220000000005)</span></p></blockquote><h3>CountryLanguages</h3><table class="grid"><tr><td>-</td><td><b>Country</b></td><td><b>Language</b></td></tr><tr><td>*</td><td>Republic of Estonia <span style="background: LightGoldenRodYellow; margin: 4px; border: 1px solid khaki"> (100000000002#100000000388)</span></td><td>Estonian <span style="background: LightGoldenRodYellow; margin: 4px; border: 1px solid khaki"> (100000072057#100000072172)</span></td></tr></table></blockquote></div>
  </text>
  <extension url="http://ema.europa.eu/fhir/extension/authorisedDoseForm">
    <valueCoding>
      <system value="https://spor.ema.europa.eu/v1/lists/200000000004"/>
      <code value="100000073664"/>
      <display value="Tablet"/>
    </valueCoding>
  </extension>
  <identifier>
    <system value="http://ema.europa.eu/fhir/mpId"/>
    <value value="EE-ML192-23517"/>
  </identifier>
  <domain>
    <coding>
      <system value="https://spor.ema.europa.eu/v1/lists/100000000004"/>
      <code value="100000000012"/>
      <display value="Human use"/>
    </coding>
  </domain>
  <status>
    <coding>
      <system value="https://spor.ema.europa.eu/v1/lists/200000005003"/>
      <code value="200000005004"/>
      <display value="Current"/>
    </coding>
  </status>
  <legalStatusOfSupply>
    <coding>
      <system value="https://spor.ema.europa.eu/v1/lists/100000072051"/>
      <code value="100000072084"/>
      <display value="Medicinal product subject to medical prescription"/>
    </coding>
  </legalStatusOfSupply>
  <classification>
    <coding>
      <system value="https://spor.ema.europa.eu/v1/lists/100000093533"/>
      <code value="100000095104"/>
      <display value="Enalapril "/>
    </coding>
    <coding>
      <system value="http://www.whocc.no/atc"/>
      <code value="C09AA02"/>
      <display value="Enalapril"/>
    </coding>
  </classification>
  <name>
    <productName value="Enalapril Vitabalans, 5 mg tabletid"/>
    <namePart>
      <part value="Enalapril Vitabalans"/>
      <type>
        <coding>
          <system value="https://spor.ema.europa.eu/v1/lists/220000000000"/>
          <code value="220000000002"/>
          <display value="Invented Name Part"/>
        </coding>
      </type>
    </namePart>
    <namePart>
      <part value="5 mg"/>
      <type>
        <coding>
          <system value="https://spor.ema.europa.eu/v1/lists/220000000000"/>
          <code value="220000000004"/>
          <display value="Strength part"/>
        </coding>
      </type>
    </namePart>
    <namePart>
      <part value="tabletid"/>
      <type>
        <coding>
          <system value="https://spor.ema.europa.eu/v1/lists/220000000000"/>
          <code value="220000000005"/>
          <display value="Pharmaceutical dose form part"/>
        </coding>
      </type>
    </namePart>
    <countryLanguage>
      <country>
        <coding>
          <system value="https://spor.ema.europa.eu/v1/lists/100000000002"/>
          <code value="100000000388"/>
          <display value="Republic of Estonia"/>
        </coding>
      </country>
      <language>
        <coding>
          <system value="https://spor.ema.europa.eu/v1/lists/100000072057"/>
          <code value="100000072172"/>
          <display value="Estonian"/>
        </coding>
      </language>
    </countryLanguage>
  </name>
</MedicinalProductDefinition>