<?xml version="1.0" encoding="UTF-8"?>

<SearchParameter xmlns="http://hl7.org/fhir">
  <id value="sp-mpd-name-country"/>
  <text>
    <status value="generated"/><div xmlns="http://www.w3.org/1999/xhtml"><p><b>Generated Narrative: SearchParameter</b></p><div style="display: inline-block; background-color: #d9e0e7; padding: 6px; margin: 4px; border: 1px solid #8da1b4; border-radius: 5px; line-height: 60%"><p style="margin-bottom: 0px">Resource SearchParameter "sp-mpd-name-country" </p></div><p><b>url</b>: <code>https://medigree.github.io/mpd/SearchParameter/sp-mpd-name-country</code></p><p><b>version</b>: 0.1.0</p><p><b>name</b>: MPNameCountry</p><p><b>status</b>: active</p><p><b>experimental</b>: true</p><p><b>date</b>: 2022-05-05</p><p><b>publisher</b>: Medigree</p><p><b>contact</b>: Medigree: <a href="http://medigree.net">http://medigree.net</a></p><p><b>description</b>: Search by product name country - i.e. the country to where a name applies</p><p><b>jurisdiction</b>: World <span style="background: LightGoldenRodYellow; margin: 4px; border: 1px solid khaki"> (m49.htm#001)</span></p><p><b>purpose</b>: Search by Product name country</p><p><b>code</b>: name-country</p><p><b>base</b>: MedicinalProductDefinition</p><p><b>type</b>: token</p><p><b>expression</b>: MedicinalProductDefinition.name.countryLanguage.country</p><p><b>xpath</b>: f:MedicinalProductDefinition/f:name/f:countryLanguage/f:country</p><p><b>xpathUsage</b>: normal</p></div>
  </text>
  <url value="https://medigree.github.io/mpd/SearchParameter/sp-mpd-name-country"/>
  <version value="0.1.0"/>
  <name value="MPNameCountry"/>
  <status value="active"/>
  <experimental value="true"/>
  <date value="2022-05-05"/>
  <publisher value="Medigree"/>
  <contact>
    <name value="Medigree"/>
    <telecom>
      <system value="url"/>
      <value value="http://medigree.net"/>
    </telecom>
  </contact>
  <description value="Search by product name country - i.e. the country to where a name applies"/>
  <jurisdiction>
    <coding>
      <system value="http://unstats.un.org/unsd/methods/m49/m49.htm"/>
      <code value="001"/>
    </coding>
  </jurisdiction>
  <purpose value="Search by Product name country"/>
  <code value="name-country"/>
  <base value="MedicinalProductDefinition"/>
  <type value="token"/>
  <expression value="MedicinalProductDefinition.name.countryLanguage.country"/>
  <xpath value="f:MedicinalProductDefinition/f:name/f:countryLanguage/f:country"/>
  <xpathUsage value="normal"/>
</SearchParameter>